-- Adminer 3.6.1 MySQL dump

SET NAMES utf8;
SET foreign_key_checks = 0;
SET time_zone = 'SYSTEM';
SET sql_mode = 'NO_AUTO_VALUE_ON_ZERO';

DROP TABLE IF EXISTS `articles`;
CREATE TABLE `articles` (
  `id` int(11) NOT NULL AUTO_INCREMENT,
  `definite` varchar(10) NOT NULL,
  `indefinite_affirmative` varchar(10) DEFAULT NULL,
  `indefinite_negation` varchar(10) NOT NULL,
  `case` enum('nominative','accusative','dative','genitive') NOT NULL,
  `gender` enum('masculine','feminine','neuter','plural') NOT NULL,
  PRIMARY KEY (`id`)
) ENGINE=InnoDB DEFAULT CHARSET=utf8;

INSERT INTO `articles` (`id`, `definite`, `indefinite_affirmative`, `indefinite_negation`, `case`, `gender`) VALUES
(1,	'der',	'ein',	'kein',	'nominative',	'masculine'),
(2,	'die',	'eine',	'keine',	'nominative',	'feminine'),
(3,	'das',	'ein',	'kein',	'nominative',	'neuter'),
(4,	'die',	NULL,	'keine',	'nominative',	'plural'),
(5,	'den',	'einen',	'keinen',	'accusative',	'masculine'),
(6,	'die',	'eine',	'keine',	'accusative',	'feminine'),
(7,	'das',	'ein',	'kein',	'accusative',	'neuter'),
(8,	'die',	NULL,	'keine',	'accusative',	'plural'),
(9,	'dem',	'einem',	'keinem',	'dative',	'masculine'),
(10,	'der',	'einer',	'keiner',	'dative',	'feminine'),
(11,	'dem',	'einem',	'keinem',	'dative',	'neuter'),
(12,	'den+n',	NULL,	'keinen+n',	'dative',	'plural'),
(13,	'des+s',	'eines+s',	'keines+s',	'genitive',	'masculine'),
(14,	'der',	'einer',	'keiner',	'genitive',	'feminine'),
(15,	'des+s',	'eines+s',	'keines+s',	'genitive',	'neuter'),
(16,	'der',	NULL,	'keiner',	'genitive',	'plural');

DROP TABLE IF EXISTS `categories`;
CREATE TABLE `categories` (
  `id` int(11) NOT NULL AUTO_INCREMENT,
  `category` varchar(100) NOT NULL,
  PRIMARY KEY (`id`)
) ENGINE=InnoDB DEFAULT CHARSET=utf8;

INSERT INTO `categories` (`id`, `category`) VALUES
(0,	'Allgemeine'),
(1,	'Einzelperson und Familie'),
(2,	'Schule'),
(3,	'Berufsleben'),
(4,	'Essen, Trinken'),
(5,	'Verkehr'),
(6,	'Reise, Urlaub'),
(7,	'Wohnen'),
(8,	'Gesundheit, Krankheit'),
(9,	'Freizeit, Sport'),
(10,	'Einkaufen, Kleidung'),
(11,	'Natur, Umwelt');

DROP TABLE IF EXISTS `games`;
CREATE TABLE `games` (
  `id` int(11) NOT NULL AUTO_INCREMENT,
  `name` varchar(20) NOT NULL,
  `hu_name` varchar(50) CHARACTER SET utf8 COLLATE utf8_hungarian_ci NOT NULL,
  PRIMARY KEY (`id`)
) ENGINE=InnoDB DEFAULT CHARSET=utf8;

INSERT INTO `games` (`id`, `name`, `hu_name`) VALUES
(1,	'memory',	'Memória játék'),
(2,	'quiz',	'Kvíz játék'),
(3,	'sort',	'Sorbarendezés');

DROP TABLE IF EXISTS `grammar_playable`;
CREATE TABLE `grammar_playable` (
  `id` int(11) NOT NULL AUTO_INCREMENT,
  `grammar_id` int(11) NOT NULL,
  `game_id` int(11) NOT NULL,
  PRIMARY KEY (`id`)
) ENGINE=InnoDB DEFAULT CHARSET=utf8;

INSERT INTO `grammar_playable` (`id`, `grammar_id`, `game_id`) VALUES
(1,	1,	2),
(2,	2,	2),
(3,	3,	2),
(4,	4,	2),
(5,	5,	2),
(6,	6,	1),
(7,	6,	2),
(8,	7,	3),
(9,	8,	2);

DROP TABLE IF EXISTS `grammars`;
CREATE TABLE `grammars` (
  `id` int(11) NOT NULL AUTO_INCREMENT,
  `name` varchar(50) NOT NULL,
  `descriptions` text NOT NULL,
  `parent_id` int(11) DEFAULT NULL,
  PRIMARY KEY (`id`)
) ENGINE=InnoDB DEFAULT CHARSET=utf8;

INSERT INTO `grammars` (`id`, `name`, `descriptions`, `parent_id`) VALUES
(1,	'Névelõ',	'A névelõk ...',	NULL),
(2,	'Határozatlan névelõ',	'A határozatlan névelõ...',	1),
(3,	'Határozott névelõ',	'A határozott névelõ...',	1),
(4,	'Állító alak',	'az állító alak...',	2),
(5,	'Tagadó alak',	'a tagadó alak...',	2),
(6,	'Szavak',	'Bár ez nem számít nyelvtannak',	NULL),
(7,	'Szórend',	'Ide jön valami a különbözõ mondatok szórendjérõl',	NULL),
(8,	'Igeragozás',	'',	NULL);

DROP TABLE IF EXISTS `results`;
CREATE TABLE `results` (
  `id` int(11) NOT NULL AUTO_INCREMENT,
  `user_id` int(11) NOT NULL,
  `game_id` int(11) NOT NULL,
  `grammar_id` int(11) NOT NULL,
  `score` float(10,0) NOT NULL,
  `game_date` datetime NOT NULL,
  PRIMARY KEY (`id`)
) ENGINE=InnoDB DEFAULT CHARSET=utf8;

DROP TABLE IF EXISTS `sentences`;
CREATE TABLE `sentences` (
  `id` int(11) NOT NULL AUTO_INCREMENT,
  `sentence` text NOT NULL,
  `hun` text NOT NULL,
  PRIMARY KEY (`id`)
) ENGINE=InnoDB DEFAULT CHARSET=utf8;

INSERT INTO `sentences` (`id`, `sentence`, `hun`) VALUES
(1,	'Es ist sehr gut.',	'Ez nagyon jó.'),
(2,	'Heute ist Montag.',	'Ma hétfõ van.'),
(3,	'Die Kinder gehen um 7 Uhr in die Schule.',	'A gyerekek hét órakor mennek az iskolába.'),
(4,	'In dieser Schule habe wir einer guten Mensa.',	'Ebben az iskolában van egy jó menza.'),
(5,	'Jeden Tag fahren wir mit dem Bus.',	'Minden nap busszal utazunk.'),
(6,	'Welcher Berg liegt in der Nähe deiner Stadt?',	'Melyik hegy fekszik a városod közelében?'),
(7,	'Jeans werden jeden Tag getragen.',	'Minden nap farmert viselnek.'),
(8,	'Ich kaufe im Supermarkt ein.',	'Én a szupermarketben vásárolok.'),
(9,	'Ich mochte für meine Großeltern Brief schreiben.',	'Én szerettem levelet írni a nagyszüleimnek.'),
(10,	'Gestern habe ich einen Mantel aus Leder getragen.',	'Tegnap egy bõrkabátot viseltem.');

DROP TABLE IF EXISTS `user_contacts`;
CREATE TABLE `user_contacts` (
  `fb_id1` bigint(20) NOT NULL,
  `fb_id2` bigint(20) NOT NULL,
  `both_of_them_gamer` tinyint(1) NOT NULL DEFAULT '0',
  PRIMARY KEY (`fb_id1`,`fb_id2`)
) ENGINE=InnoDB DEFAULT CHARSET=utf8;


DROP TABLE IF EXISTS `users`;
CREATE TABLE `users` (
  `id` int(11) NOT NULL AUTO_INCREMENT,
  `fb_id` bigint(20) NOT NULL,
  `name` varchar(255) NOT NULL,
  `nick_name` varchar(255) NOT NULL,
  `email` varchar(255) NOT NULL,
  `birthday` date DEFAULT NULL,
  `profil_image` text NOT NULL,
  `gender` enum('female','male') NOT NULL,
  `location` varchar(255) NOT NULL,
  `last_login` datetime NOT NULL,
  `first_login` datetime NOT NULL,
  PRIMARY KEY (`id`)
) ENGINE=InnoDB DEFAULT CHARSET=utf8;

DROP TABLE IF EXISTS `word_categories`;
CREATE TABLE `word_categories` (
  `id` int(11) NOT NULL AUTO_INCREMENT,
  `word_id` int(11) NOT NULL,
  `category_id` int(11) NOT NULL,
  PRIMARY KEY (`id`)
) ENGINE=InnoDB DEFAULT CHARSET=utf8;

INSERT INTO `word_categories` (`id`, `word_id`, `category_id`) VALUES
(1,	1,	0),
(2,	2,	4),
(3,	3,	0),
(4,	3,	6),
(5,	3,	9),
(6,	4,	2),
(7,	5,	0),
(8,	6,	0),
(9,	7,	0),
(10,	8,	1),
(11,	8,	5),
(12,	8,	7),
(13,	9,	9),
(14,	10,	9),
(15,	11,	9),
(16,	11,	10),
(17,	12,	9),
(18,	12,	10),
(19,	13,	0),
(20,	14,	0),
(21,	15,	0),
(22,	16,	1),
(23,	17,	0),
(24,	18,	1),
(25,	19,	0),
(26,	20,	1),
(27,	21,	0),
(28,	21,	6),
(29,	22,	0),
(30,	23,	0),
(31,	24,	0),
(32,	25,	0),
(33,	26,	4),
(34,	26,	10),
(35,	27,	4),
(36,	28,	4),
(37,	29,	0),
(38,	30,	0),
(39,	31,	3),
(40,	32,	0),
(41,	33,	1),
(42,	33,	3),
(43,	34,	3),
(44,	35,	3),
(45,	36,	1),
(46,	37,	3),
(47,	37,	8),
(48,	38,	3),
(49,	38,	8),
(50,	39,	1),
(51,	39,	8),
(52,	40,	0),
(53,	41,	0),
(54,	41,	3),
(55,	41,	5),
(56,	42,	0),
(57,	43,	0),
(58,	43,	2),
(59,	43,	3),
(60,	44,	0),
(61,	45,	0),
(62,	46,	0),
(63,	47,	4),
(64,	48,	1),
(65,	48,	8),
(66,	49,	0),
(67,	50,	1),
(68,	50,	2),
(69,	50,	6),
(70,	50,	11),
(71,	51,	0),
(72,	51,	5),
(73,	51,	7),
(74,	52,	1),
(75,	52,	8),
(76,	53,	1),
(77,	53,	11),
(78,	54,	4),
(79,	54,	8),
(80,	55,	1),
(81,	56,	0),
(82,	57,	0),
(83,	57,	3),
(84,	57,	5),
(85,	58,	1),
(86,	59,	0),
(87,	59,	9),
(88,	60,	3),
(89,	61,	3),
(90,	62,	3),
(91,	63,	3),
(92,	64,	4),
(93,	64,	10),
(94,	65,	2),
(95,	65,	9),
(96,	66,	4),
(97,	67,	3),
(98,	68,	3),
(99,	69,	1),
(100,	69,	3),
(101,	70,	0),
(102,	71,	0),
(103,	72,	0),
(104,	73,	0),
(105,	74,	1),
(106,	74,	8),
(107,	75,	0),
(108,	76,	0),
(109,	77,	3),
(110,	77,	7),
(111,	78,	0),
(112,	79,	3),
(113,	80,	0),
(114,	81,	2),
(115,	81,	3),
(116,	82,	1),
(117,	83,	0),
(118,	84,	0),
(119,	85,	1),
(120,	86,	0),
(121,	87,	0),
(122,	88,	0),
(123,	88,	1),
(124,	88,	6),
(125,	88,	9),
(126,	89,	3),
(127,	90,	0),
(128,	90,	2),
(129,	90,	3),
(130,	91,	0),
(131,	92,	0),
(132,	93,	0),
(133,	94,	7),
(134,	95,	0),
(135,	95,	5),
(136,	95,	6),
(137,	96,	0),
(138,	97,	0),
(139,	98,	0),
(140,	99,	0),
(141,	100,	0),
(142,	101,	0),
(143,	102,	0),
(144,	102,	4),
(145,	103,	3),
(146,	104,	2),
(147,	104,	8),
(148,	105,	4),
(149,	105,	10),
(150,	106,	0),
(151,	107,	4),
(152,	108,	1),
(153,	108,	8),
(154,	109,	0),
(155,	110,	0),
(156,	111,	0),
(157,	112,	2),
(158,	113,	1),
(159,	114,	0),
(160,	115,	1),
(161,	116,	4),
(162,	117,	1),
(163,	118,	4),
(164,	119,	4),
(165,	120,	4),
(166,	121,	0),
(167,	122,	1),
(168,	122,	9),
(169,	123,	1),
(170,	123,	9),
(171,	124,	1),
(172,	124,	9),
(173,	125,	1),
(174,	125,	9),
(175,	126,	1),
(176,	126,	9),
(177,	127,	1),
(178,	127,	9),
(179,	127,	10),
(180,	128,	1),
(181,	128,	9),
(182,	129,	1),
(183,	129,	9),
(184,	130,	1),
(185,	130,	9),
(186,	131,	1),
(187,	131,	9),
(188,	132,	1),
(189,	132,	9),
(190,	133,	1),
(191,	133,	9),
(192,	134,	1),
(193,	134,	9),
(194,	135,	1),
(195,	135,	9),
(196,	136,	0),
(197,	137,	0),
(198,	138,	0),
(199,	139,	0),
(200,	140,	0),
(201,	141,	4),
(202,	141,	10),
(203,	142,	4),
(204,	142,	10),
(205,	143,	4),
(206,	143,	10),
(207,	144,	4),
(208,	144,	10),
(209,	145,	1),
(210,	146,	1),
(211,	146,	8),
(212,	147,	2),
(213,	148,	3),
(214,	148,	5),
(215,	149,	4),
(216,	149,	10),
(217,	150,	2),
(218,	151,	0),
(219,	152,	0),
(220,	153,	2),
(221,	154,	0),
(222,	155,	4),
(223,	155,	10),
(224,	156,	9),
(225,	157,	1),
(226,	157,	3),
(227,	158,	4),
(228,	158,	8),
(229,	158,	10),
(230,	159,	0),
(231,	160,	1),
(232,	161,	1),
(233,	162,	4),
(234,	162,	10),
(235,	163,	3),
(236,	164,	4),
(237,	164,	10),
(238,	165,	1),
(239,	166,	4),
(240,	167,	4),
(241,	168,	0),
(242,	169,	0),
(243,	170,	1),
(244,	171,	2),
(245,	171,	3),
(246,	172,	2),
(247,	173,	1),
(248,	173,	2),
(249,	173,	3),
(250,	174,	0),
(251,	175,	0),
(252,	175,	5),
(253,	176,	0),
(254,	177,	4),
(255,	178,	1),
(256,	179,	0),
(257,	179,	1),
(258,	180,	0),
(259,	181,	0),
(260,	182,	1),
(261,	183,	1),
(262,	184,	4),
(263,	185,	7),
(264,	186,	1),
(265,	187,	0),
(266,	188,	0),
(267,	188,	9),
(268,	189,	0),
(269,	190,	1),
(270,	190,	9),
(271,	191,	1),
(272,	191,	9),
(273,	192,	1),
(274,	192,	9),
(275,	193,	1),
(276,	193,	9),
(277,	194,	1),
(278,	194,	9),
(279,	195,	0),
(280,	196,	4),
(281,	197,	1),
(282,	197,	7),
(283,	198,	0),
(284,	198,	1),
(285,	199,	0),
(286,	200,	0),
(287,	200,	5),
(288,	200,	7),
(289,	201,	1),
(290,	202,	0),
(291,	203,	0),
(292,	204,	2),
(293,	204,	5),
(294,	205,	1),
(295,	206,	4),
(296,	207,	1),
(297,	208,	1),
(298,	209,	0),
(299,	210,	1),
(300,	211,	0),
(301,	212,	1),
(302,	213,	1),
(303,	214,	1),
(304,	215,	1),
(305,	216,	0),
(306,	216,	6),
(307,	217,	4),
(308,	217,	10),
(309,	218,	0),
(310,	219,	0),
(311,	220,	0),
(312,	221,	0),
(313,	222,	0),
(314,	223,	0),
(315,	224,	0),
(316,	225,	0),
(317,	226,	0),
(318,	226,	1),
(319,	227,	4),
(320,	228,	4),
(321,	229,	4),
(322,	230,	0),
(323,	230,	4),
(324,	231,	0),
(325,	232,	0),
(326,	233,	0),
(327,	233,	3),
(328,	234,	0),
(329,	235,	0),
(330,	236,	0),
(331,	237,	1),
(332,	238,	0),
(333,	239,	1),
(334,	240,	1),
(335,	240,	9),
(336,	241,	1),
(337,	241,	9),
(338,	242,	1),
(339,	243,	1),
(340,	244,	1),
(341,	244,	6),
(342,	244,	9),
(343,	245,	1),
(344,	246,	0),
(345,	247,	0),
(346,	248,	4),
(347,	248,	8),
(348,	249,	1),
(349,	249,	2),
(350,	249,	3),
(351,	250,	1),
(352,	250,	9),
(353,	251,	2),
(354,	252,	3),
(355,	252,	9),
(356,	253,	9),
(357,	254,	4),
(358,	254,	10),
(359,	255,	0),
(360,	256,	9),
(361,	257,	0),
(362,	258,	0),
(363,	259,	0),
(364,	260,	1),
(365,	260,	8),
(366,	261,	0),
(367,	262,	3),
(368,	263,	1),
(369,	264,	0),
(370,	265,	0),
(371,	266,	4),
(372,	266,	10),
(373,	267,	4),
(374,	267,	10),
(375,	268,	3),
(376,	268,	4),
(377,	269,	4),
(378,	270,	0),
(379,	270,	3),
(380,	271,	1),
(381,	271,	9),
(382,	272,	3),
(383,	273,	3),
(384,	274,	0),
(385,	275,	0),
(386,	275,	1),
(387,	275,	9),
(388,	276,	3),
(389,	276,	9),
(390,	277,	3),
(391,	278,	0),
(392,	278,	1),
(393,	279,	0),
(394,	280,	0),
(395,	281,	2),
(396,	282,	0),
(397,	282,	2),
(398,	282,	6),
(399,	282,	9),
(400,	283,	0),
(401,	284,	2),
(402,	284,	3),
(403,	285,	0),
(404,	286,	0),
(405,	286,	1),
(406,	287,	1),
(407,	287,	9),
(408,	288,	1),
(409,	288,	9),
(410,	289,	1),
(411,	289,	9),
(412,	290,	1),
(413,	291,	0),
(414,	291,	4),
(415,	291,	8),
(416,	292,	3),
(417,	293,	3),
(418,	294,	0),
(419,	295,	0),
(420,	296,	0),
(421,	296,	3),
(422,	296,	5),
(423,	297,	4),
(424,	297,	8),
(425,	298,	0),
(426,	299,	0),
(427,	299,	9),
(428,	300,	0),
(429,	301,	2),
(430,	302,	1),
(431,	303,	4),
(432,	304,	7),
(433,	305,	0),
(434,	305,	7),
(435,	306,	3),
(436,	306,	7),
(437,	307,	4),
(438,	308,	0),
(439,	309,	1),
(440,	309,	6),
(441,	309,	8),
(442,	310,	0),
(443,	311,	0),
(444,	312,	1),
(445,	313,	1),
(446,	314,	1),
(447,	315,	1),
(448,	315,	9),
(449,	316,	1),
(450,	316,	9),
(451,	317,	1),
(452,	317,	9),
(453,	318,	1),
(454,	318,	9),
(455,	319,	1),
(456,	319,	8),
(457,	319,	9),
(458,	320,	0),
(459,	321,	1),
(460,	322,	0),
(461,	323,	0),
(462,	324,	0),
(463,	324,	3),
(464,	325,	0),
(465,	326,	0),
(466,	326,	1),
(467,	327,	0),
(468,	328,	3),
(469,	329,	0),
(470,	330,	1),
(471,	331,	0),
(472,	332,	0),
(473,	333,	0),
(474,	334,	3),
(475,	335,	0),
(476,	336,	0),
(477,	337,	0),
(478,	338,	4),
(479,	339,	2),
(480,	340,	0),
(481,	341,	0),
(482,	341,	1),
(483,	342,	0),
(484,	343,	0),
(485,	344,	0),
(486,	345,	2),
(487,	346,	1),
(488,	347,	0),
(489,	348,	1),
(490,	349,	1),
(491,	350,	1),
(492,	351,	0),
(493,	352,	0),
(494,	352,	1),
(495,	352,	4),
(496,	352,	8),
(497,	352,	11),
(498,	353,	4),
(499,	354,	1),
(500,	355,	1),
(501,	356,	0),
(502,	357,	0),
(503,	358,	3),
(504,	359,	0),
(505,	360,	0),
(506,	360,	3),
(507,	361,	0),
(508,	362,	0),
(509,	363,	0),
(510,	364,	4),
(511,	364,	10),
(512,	365,	3),
(513,	365,	9),
(514,	366,	3),
(515,	366,	9),
(516,	367,	0),
(517,	367,	1),
(518,	367,	2),
(519,	367,	3),
(520,	367,	9),
(521,	368,	0),
(522,	369,	4),
(523,	370,	4),
(524,	371,	1),
(525,	372,	0),
(526,	373,	1),
(527,	374,	1),
(528,	375,	1),
(529,	376,	0),
(530,	377,	2),
(531,	378,	0),
(532,	379,	1),
(533,	379,	3),
(534,	380,	0),
(535,	381,	4),
(536,	381,	10),
(537,	382,	0),
(538,	383,	1),
(539,	383,	7),
(540,	384,	2),
(541,	385,	2),
(542,	386,	0),
(543,	386,	1),
(544,	387,	0),
(545,	388,	0),
(546,	389,	1),
(547,	389,	8),
(548,	390,	0),
(549,	391,	2),
(550,	392,	1),
(551,	393,	0),
(552,	394,	0),
(553,	394,	7),
(554,	395,	0),
(555,	396,	4),
(556,	396,	10),
(557,	397,	0),
(558,	398,	0),
(559,	399,	0),
(560,	399,	7),
(561,	400,	2),
(562,	401,	1),
(563,	402,	2),
(564,	403,	4),
(565,	403,	10),
(566,	404,	1),
(567,	404,	9),
(568,	405,	1),
(569,	405,	9),
(570,	406,	0),
(571,	407,	0),
(572,	408,	0),
(573,	408,	7),
(574,	409,	0),
(575,	410,	1),
(576,	410,	2),
(577,	411,	4),
(578,	412,	1),
(579,	413,	9),
(580,	414,	2),
(581,	415,	0),
(582,	416,	1),
(583,	416,	9),
(584,	417,	1),
(585,	417,	9),
(586,	418,	1),
(587,	418,	9),
(588,	418,	10),
(589,	419,	1),
(590,	419,	9),
(591,	420,	1),
(592,	420,	6),
(593,	420,	9),
(594,	421,	4),
(595,	421,	10),
(596,	422,	4),
(597,	422,	10),
(598,	423,	0),
(599,	424,	4),
(600,	424,	8),
(601,	425,	1),
(602,	426,	0),
(603,	426,	6),
(604,	426,	8),
(605,	427,	0),
(606,	428,	4),
(607,	429,	1),
(608,	429,	2),
(609,	429,	3),
(610,	430,	1),
(611,	430,	9),
(612,	431,	0),
(613,	432,	2),
(614,	432,	4),
(615,	432,	8),
(616,	433,	0),
(617,	434,	4),
(618,	434,	10),
(619,	435,	3),
(620,	436,	3),
(621,	437,	0),
(622,	438,	1),
(623,	439,	1),
(624,	440,	1),
(625,	441,	3),
(626,	441,	4),
(627,	441,	8),
(628,	442,	4),
(629,	443,	4),
(630,	443,	8),
(631,	444,	4),
(632,	444,	8),
(633,	445,	0),
(634,	446,	1),
(635,	447,	0),
(636,	448,	2),
(637,	448,	3),
(638,	449,	0),
(639,	450,	4),
(640,	451,	4),
(641,	452,	9),
(642,	453,	4),
(643,	453,	10),
(644,	454,	4),
(645,	455,	3),
(646,	455,	4),
(647,	456,	3),
(648,	456,	4),
(649,	457,	0),
(650,	457,	1),
(651,	458,	0),
(652,	458,	2),
(653,	459,	0),
(654,	459,	9),
(655,	460,	4),
(656,	460,	10),
(657,	461,	1),
(658,	462,	1),
(659,	463,	1),
(660,	463,	2),
(661,	464,	1),
(662,	465,	1),
(663,	466,	1),
(664,	467,	1),
(665,	469,	0),
(666,	470,	4),
(667,	470,	10),
(668,	471,	0),
(669,	472,	2),
(670,	473,	2),
(671,	474,	2),
(672,	475,	2),
(673,	476,	2),
(674,	477,	10),
(675,	478,	0),
(676,	479,	1),
(677,	480,	1),
(678,	481,	1),
(679,	481,	2),
(680,	481,	3),
(681,	482,	0),
(682,	483,	1),
(683,	484,	4),
(684,	485,	4),
(685,	486,	0),
(686,	487,	4),
(687,	488,	4),
(688,	489,	0),
(689,	490,	3),
(690,	491,	3),
(691,	492,	0),
(692,	493,	0),
(693,	494,	4),
(694,	494,	10),
(695,	495,	4),
(696,	496,	1),
(697,	497,	1),
(698,	497,	2),
(699,	498,	3),
(700,	499,	0),
(701,	500,	4),
(702,	501,	1),
(703,	502,	1),
(704,	502,	8),
(705,	503,	1),
(706,	503,	8),
(707,	504,	0),
(708,	505,	0),
(709,	506,	2),
(710,	507,	0),
(711,	508,	0),
(712,	509,	2),
(713,	510,	0),
(714,	511,	0),
(715,	512,	0),
(716,	513,	4),
(717,	514,	0),
(718,	515,	3),
(719,	516,	0),
(720,	517,	1),
(721,	518,	0),
(722,	519,	0),
(723,	519,	2),
(724,	520,	3),
(725,	521,	0),
(726,	522,	0),
(727,	523,	0),
(728,	524,	1),
(729,	525,	0),
(730,	526,	0),
(731,	526,	8),
(732,	527,	3),
(733,	528,	4),
(734,	528,	10),
(735,	529,	1),
(736,	530,	1),
(737,	531,	0),
(738,	532,	0),
(739,	533,	1),
(740,	534,	0),
(741,	535,	2),
(742,	535,	3),
(743,	536,	2),
(744,	536,	3),
(745,	537,	2),
(746,	538,	2),
(747,	538,	3),
(748,	539,	4),
(749,	540,	0),
(750,	541,	1),
(751,	542,	2),
(752,	543,	0),
(753,	543,	2),
(754,	544,	0),
(755,	545,	0),
(756,	545,	2),
(757,	546,	0),
(758,	547,	4),
(759,	548,	4),
(760,	549,	2),
(761,	550,	4),
(762,	550,	10),
(763,	551,	1),
(764,	552,	1),
(765,	553,	0),
(766,	554,	4),
(767,	555,	0),
(768,	556,	4),
(769,	557,	1),
(770,	557,	6),
(771,	558,	0),
(772,	559,	0),
(773,	559,	1),
(774,	560,	1),
(775,	560,	9),
(776,	561,	1),
(777,	562,	4),
(778,	563,	3),
(779,	564,	4),
(780,	565,	3),
(781,	566,	0),
(782,	567,	0),
(783,	568,	4),
(784,	568,	10),
(785,	569,	2),
(786,	570,	0),
(787,	571,	2),
(788,	572,	3),
(789,	573,	0),
(790,	574,	3),
(791,	574,	7),
(792,	575,	0),
(793,	575,	8),
(794,	576,	4),
(795,	577,	4),
(796,	578,	4),
(797,	578,	10),
(798,	579,	0),
(799,	580,	4),
(800,	580,	8),
(801,	580,	11),
(802,	581,	4),
(803,	582,	0),
(804,	583,	3),
(805,	584,	2),
(806,	585,	2),
(807,	586,	0),
(808,	587,	4),
(809,	588,	0),
(810,	589,	0),
(811,	590,	4),
(812,	591,	0),
(813,	592,	0),
(814,	593,	0),
(815,	594,	1),
(816,	595,	0),
(817,	595,	6),
(818,	595,	9),
(819,	596,	0),
(820,	597,	1),
(821,	597,	9),
(822,	598,	0),
(823,	599,	1),
(824,	599,	8),
(825,	600,	1),
(826,	601,	2),
(827,	602,	1),
(828,	603,	1),
(829,	604,	1),
(830,	605,	1),
(831,	605,	2),
(832,	605,	3),
(833,	606,	1),
(834,	607,	0),
(835,	608,	0),
(836,	609,	0),
(837,	609,	3),
(838,	609,	6),
(839,	610,	1),
(840,	611,	1),
(841,	611,	9),
(842,	612,	1),
(843,	613,	4),
(844,	613,	8),
(845,	614,	1),
(846,	614,	8),
(847,	615,	0),
(848,	616,	1),
(849,	617,	5),
(850,	617,	11),
(851,	618,	1),
(852,	619,	0),
(853,	620,	1),
(854,	620,	3),
(855,	620,	5),
(856,	620,	6),
(857,	620,	8),
(858,	621,	0),
(859,	622,	1),
(860,	623,	0),
(861,	623,	9),
(862,	624,	1),
(863,	625,	1),
(864,	626,	9),
(865,	627,	9),
(866,	628,	0),
(867,	629,	0),
(868,	630,	0),
(869,	631,	0),
(870,	632,	0),
(871,	633,	4),
(872,	633,	10),
(873,	634,	1),
(874,	634,	3),
(875,	635,	4),
(876,	635,	10),
(877,	636,	4),
(878,	637,	4),
(879,	638,	4),
(880,	639,	0),
(881,	639,	1),
(882,	639,	7),
(883,	640,	1),
(884,	640,	8),
(885,	641,	1),
(886,	642,	1),
(887,	643,	1),
(888,	644,	3),
(889,	644,	8),
(890,	645,	0),
(891,	646,	4),
(892,	647,	1),
(893,	648,	0),
(894,	649,	4),
(895,	650,	0),
(896,	650,	5),
(897,	650,	6),
(898,	651,	9),
(899,	652,	9),
(900,	653,	9),
(901,	654,	0),
(902,	655,	3),
(903,	656,	4),
(904,	656,	10),
(905,	657,	4),
(906,	657,	10),
(907,	658,	1),
(908,	659,	1),
(909,	660,	0),
(910,	661,	1),
(911,	661,	9),
(912,	662,	1),
(913,	662,	9),
(914,	663,	1),
(915,	663,	9),
(916,	664,	4),
(917,	664,	8),
(918,	665,	1),
(919,	665,	2),
(920,	666,	0),
(921,	667,	9),
(922,	668,	4),
(923,	669,	1),
(924,	670,	1),
(925,	671,	1),
(926,	672,	1),
(927,	673,	0),
(928,	674,	2),
(929,	675,	3),
(930,	676,	8),
(931,	677,	4),
(932,	678,	3),
(933,	679,	0),
(934,	680,	0),
(935,	680,	8),
(936,	681,	0),
(937,	682,	3),
(938,	682,	5),
(939,	683,	1),
(940,	683,	9),
(941,	684,	0),
(942,	685,	4),
(943,	686,	3),
(944,	687,	1),
(945,	687,	5),
(946,	688,	3),
(947,	689,	3),
(948,	690,	0),
(949,	691,	3),
(950,	692,	2),
(951,	693,	0),
(952,	693,	2),
(953,	693,	3),
(954,	694,	4),
(955,	695,	2),
(956,	696,	0),
(957,	696,	5),
(958,	696,	6),
(959,	697,	0),
(960,	698,	0),
(961,	699,	0),
(962,	700,	0),
(963,	701,	4),
(964,	702,	0),
(965,	702,	5),
(966,	702,	6),
(967,	703,	0),
(968,	703,	3),
(969,	704,	3),
(970,	705,	3),
(971,	706,	4),
(972,	706,	10),
(973,	707,	0),
(974,	707,	3),
(975,	708,	0),
(976,	709,	0),
(977,	709,	3),
(978,	710,	0),
(979,	710,	9),
(980,	711,	0),
(981,	712,	0),
(982,	713,	4),
(983,	714,	0),
(984,	715,	1),
(985,	715,	11),
(986,	716,	0),
(987,	717,	0),
(988,	718,	0),
(989,	719,	0),
(990,	720,	4),
(991,	720,	10),
(992,	721,	4),
(993,	721,	8),
(994,	722,	0),
(995,	722,	5),
(996,	722,	9),
(997,	723,	0),
(998,	724,	3),
(999,	725,	3),
(1000,	726,	4),
(1001,	727,	4),
(1002,	727,	10),
(1003,	728,	4),
(1004,	728,	10),
(1005,	729,	1),
(1006,	730,	4),
(1007,	731,	4),
(1008,	732,	0),
(1009,	733,	1),
(1010,	733,	2),
(1011,	733,	3),
(1012,	734,	3),
(1013,	735,	3),
(1014,	736,	1),
(1015,	737,	0),
(1016,	738,	0),
(1017,	739,	0),
(1018,	740,	4),
(1019,	740,	7),
(1020,	741,	0),
(1021,	742,	0),
(1022,	743,	0),
(1023,	744,	0),
(1024,	745,	0),
(1025,	746,	0),
(1026,	747,	4),
(1027,	748,	0),
(1028,	749,	4),
(1029,	750,	1),
(1030,	751,	0),
(1031,	752,	4),
(1032,	753,	0),
(1033,	754,	0),
(1034,	754,	5),
(1035,	754,	6),
(1036,	755,	0),
(1037,	755,	1),
(1038,	755,	7),
(1039,	755,	10),
(1040,	756,	0),
(1041,	757,	0),
(1042,	757,	2),
(1043,	758,	2),
(1044,	759,	3),
(1045,	760,	2),
(1046,	761,	2),
(1047,	762,	2),
(1048,	763,	2),
(1049,	763,	3),
(1050,	764,	2),
(1051,	764,	3),
(1052,	765,	2),
(1053,	766,	2),
(1054,	767,	2),
(1055,	768,	2),
(1056,	768,	3),
(1057,	769,	2),
(1058,	769,	3),
(1059,	770,	2),
(1060,	771,	2),
(1061,	772,	0),
(1062,	773,	2),
(1063,	774,	2),
(1064,	775,	4),
(1065,	776,	0),
(1066,	777,	0),
(1067,	778,	2),
(1068,	779,	0),
(1069,	780,	0),
(1070,	781,	4),
(1071,	782,	7),
(1072,	783,	1),
(1073,	784,	1),
(1074,	785,	1),
(1075,	786,	1),
(1076,	787,	1),
(1077,	788,	0),
(1078,	789,	1),
(1079,	789,	3),
(1080,	790,	0),
(1081,	791,	0),
(1082,	792,	3),
(1083,	793,	4),
(1084,	793,	9),
(1085,	794,	1),
(1086,	795,	4),
(1087,	795,	10),
(1088,	796,	4),
(1089,	796,	10),
(1090,	797,	4),
(1091,	798,	0),
(1092,	799,	1),
(1093,	800,	0),
(1094,	800,	5),
(1095,	800,	6),
(1096,	801,	0),
(1097,	802,	9),
(1098,	803,	0),
(1099,	804,	1),
(1100,	805,	0),
(1101,	806,	1),
(1102,	807,	0),
(1103,	808,	0),
(1104,	809,	0),
(1105,	810,	0),
(1106,	811,	1),
(1107,	811,	8),
(1108,	812,	2),
(1109,	813,	4),
(1110,	814,	0),
(1111,	815,	1),
(1112,	815,	3),
(1113,	816,	0),
(1114,	816,	5),
(1115,	817,	0),
(1116,	818,	4),
(1117,	819,	4),
(1118,	820,	0),
(1119,	820,	9),
(1120,	821,	4),
(1121,	822,	0),
(1122,	823,	1),
(1123,	823,	2),
(1124,	824,	9),
(1125,	825,	0),
(1126,	826,	9),
(1127,	827,	1),
(1128,	827,	9),
(1129,	828,	0),
(1130,	829,	2),
(1131,	830,	2),
(1132,	831,	1),
(1133,	831,	6),
(1134,	832,	1),
(1135,	832,	6),
(1136,	833,	4),
(1137,	834,	0),
(1138,	835,	1),
(1139,	836,	1),
(1140,	837,	0),
(1141,	837,	1),
(1142,	837,	8),
(1143,	838,	0),
(1144,	839,	4),
(1145,	839,	10),
(1146,	840,	0),
(1147,	841,	3),
(1148,	841,	6),
(1149,	842,	1),
(1150,	843,	1),
(1151,	844,	1),
(1152,	845,	0),
(1153,	846,	1),
(1154,	847,	0),
(1155,	848,	0),
(1156,	849,	10),
(1157,	850,	0),
(1158,	850,	5),
(1159,	851,	0),
(1160,	852,	1),
(1161,	853,	2),
(1162,	854,	2),
(1163,	855,	1),
(1164,	856,	0),
(1165,	857,	2),
(1166,	858,	2),
(1167,	859,	0),
(1168,	860,	4),
(1169,	861,	9),
(1170,	862,	4),
(1171,	863,	4),
(1172,	863,	8),
(1173,	864,	2),
(1174,	865,	0),
(1175,	866,	2),
(1176,	866,	3),
(1177,	867,	1),
(1178,	868,	0),
(1179,	869,	2),
(1180,	870,	4),
(1181,	871,	0),
(1182,	872,	1),
(1183,	872,	9),
(1184,	873,	4),
(1185,	874,	1),
(1186,	875,	4),
(1187,	876,	1),
(1188,	877,	1),
(1189,	878,	6),
(1190,	878,	9),
(1191,	879,	0),
(1192,	880,	0),
(1193,	880,	9),
(1194,	881,	4),
(1195,	882,	3),
(1196,	883,	0),
(1197,	884,	1),
(1198,	885,	0),
(1199,	886,	1),
(1200,	887,	4),
(1201,	887,	10),
(1202,	888,	4),
(1203,	889,	0),
(1204,	890,	4),
(1205,	890,	10),
(1206,	891,	0),
(1207,	891,	1),
(1208,	892,	1),
(1209,	892,	9),
(1210,	893,	0),
(1211,	894,	0),
(1212,	895,	1),
(1213,	895,	9),
(1214,	896,	1),
(1215,	896,	9),
(1216,	897,	0),
(1217,	898,	1),
(1218,	899,	0),
(1219,	899,	4),
(1220,	900,	0),
(1221,	901,	1),
(1222,	902,	2),
(1223,	903,	0),
(1224,	904,	3),
(1225,	905,	0),
(1226,	906,	2),
(1227,	906,	3),
(1228,	907,	2),
(1229,	907,	11),
(1230,	908,	0),
(1231,	909,	1),
(1232,	910,	1),
(1233,	911,	1),
(1234,	911,	8),
(1235,	912,	0),
(1236,	913,	1),
(1237,	914,	2),
(1238,	915,	1),
(1239,	916,	1),
(1240,	917,	3),
(1241,	918,	0),
(1242,	919,	3),
(1243,	920,	2),
(1244,	920,	3),
(1245,	921,	0),
(1246,	922,	1),
(1247,	923,	0),
(1248,	924,	1),
(1249,	925,	2),
(1250,	925,	9),
(1251,	926,	4),
(1252,	927,	1),
(1253,	928,	0),
(1254,	929,	4),
(1255,	930,	3),
(1256,	931,	3),
(1257,	932,	3),
(1258,	933,	3),
(1259,	934,	0),
(1260,	935,	0),
(1261,	936,	1),
(1262,	936,	9),
(1263,	937,	0),
(1264,	938,	0),
(1265,	939,	1),
(1266,	940,	0),
(1267,	941,	0),
(1268,	942,	0),
(1269,	943,	0),
(1270,	944,	0),
(1271,	945,	1),
(1272,	946,	1),
(1273,	947,	1),
(1274,	948,	1),
(1275,	949,	0),
(1276,	950,	0),
(1277,	951,	4),
(1278,	951,	8),
(1279,	952,	1),
(1280,	952,	10),
(1281,	953,	7),
(1282,	954,	1),
(1283,	955,	0),
(1284,	956,	4),
(1285,	957,	1),
(1286,	958,	0),
(1287,	959,	0),
(1288,	959,	6),
(1289,	960,	1),
(1290,	961,	0),
(1291,	962,	1),
(1292,	963,	0),
(1293,	964,	0),
(1294,	965,	0),
(1295,	966,	0),
(1296,	967,	0),
(1297,	968,	9),
(1298,	969,	9),
(1299,	970,	9),
(1300,	971,	9),
(1301,	971,	10),
(1302,	972,	9),
(1303,	972,	10),
(1304,	973,	9),
(1305,	974,	4),
(1306,	975,	1),
(1307,	976,	0),
(1308,	977,	2),
(1309,	977,	3),
(1310,	978,	2),
(1311,	978,	3),
(1312,	979,	0),
(1313,	980,	0),
(1314,	981,	1),
(1315,	982,	0),
(1316,	982,	11),
(1317,	983,	0),
(1318,	984,	0),
(1319,	985,	0),
(1320,	986,	0),
(1321,	987,	0),
(1322,	987,	6),
(1323,	987,	9),
(1324,	988,	0),
(1325,	989,	0),
(1326,	990,	0),
(1327,	991,	0),
(1328,	992,	4),
(1329,	993,	4),
(1330,	994,	4),
(1331,	995,	1),
(1332,	995,	8),
(1333,	996,	1),
(1334,	996,	8),
(1335,	997,	0),
(1336,	998,	0),
(1337,	999,	2),
(1338,	1000,	1),
(1339,	1001,	0),
(1340,	1002,	4),
(1341,	1003,	2),
(1342,	1004,	4),
(1343,	1005,	0),
(1344,	1006,	4),
(1345,	1006,	8),
(1346,	1007,	1),
(1347,	1008,	0),
(1348,	1008,	2),
(1349,	1008,	3),
(1350,	1008,	11),
(1351,	1009,	1),
(1352,	1010,	1),
(1353,	1011,	1),
(1354,	1011,	3),
(1355,	1012,	0),
(1356,	1013,	4),
(1357,	1013,	10),
(1358,	1014,	1);

DROP TABLE IF EXISTS `words`;
CREATE TABLE `words` (
  `id` int(11) NOT NULL AUTO_INCREMENT,
  `article` varchar(3) DEFAULT NULL,
  `word` varchar(250) NOT NULL,
  `plural` varchar(250) DEFAULT NULL,
  `imperfect` varchar(250) DEFAULT NULL,
  `perfect` varchar(250) DEFAULT NULL,
  `präsens` varchar(100) DEFAULT NULL,
  `wortart` enum('nomen','adjektive','verben') DEFAULT NULL,
  `level` int(11) DEFAULT NULL,
  `meaning` varchar(250) NOT NULL,
  PRIMARY KEY (`id`)
) ENGINE=InnoDB DEFAULT CHARSET=utf8;

INSERT INTO `words` (`id`, `article`, `word`, `plural`, `imperfect`, `perfect`, `präsens`, `wortart`, `level`, `meaning`) VALUES
(1,	'der',	'Abend',	'e',	'',	'',	'',	'nomen',	1,	'este'),
(2,	'das',	'Abendessen',	'-',	'',	'',	'',	'nomen',	NULL,	'vacsora'),
(3,	'',	'abenteuerlich',	'',	'',	'',	'',	'adjektive',	NULL,	'kalandos'),
(4,	'das',	'Abitur',	'e',	'',	'',	'',	'nomen',	NULL,	'érettségi'),
(5,	'',	'abschließen',	'',	'schloss ab',	'h. abgeschlossen',	'schließe ab|schließt ab|schließt ab|schließen ab|schließt ab|schließen ab',	'verben',	NULL,	'lezár, befejez'),
(6,	'',	'absolvieren',	'',	'absolvierte',	'h. absolviert',	'absolviere|absolvierst|absolviert|absolvieren|absolviert|absolvieren',	'verben',	NULL,	'elvégez, befejez'),
(7,	'',	'abstehend',	'',	'',	'',	'',	'adjektive',	NULL,	'távolálló, elálló'),
(8,	'die',	'Adresse',	'n',	'',	'',	'',	'nomen',	NULL,	'lakcím'),
(9,	'der',	'Advent',	'e',	'',	'',	'',	'nomen',	NULL,	'advent'),
(10,	'der',	'Adventskranz',	'Adventkränze',	'',	'',	'',	'nomen',	NULL,	'adventi koszorú'),
(11,	'der',	'Adventsonntag',	'e',	'',	'',	'',	'nomen',	NULL,	'advent vasárnapja'),
(12,	'die',	'Adventszeit',	'',	'',	'',	'',	'nomen',	NULL,	'advent ideje'),
(13,	'',	'aggressiv',	'',	'',	'',	'',	'adjektive',	NULL,	'agresszív, erõszakos'),
(14,	'',	'aktiv',	'',	'',	'',	'',	'adjektive',	NULL,	'aktív, tevékeny'),
(15,	'',	'alle',	'',	'',	'',	'',	'adjektive',	2,	'minden'),
(16,	'',	'alleinstechend',	'',	'',	'',	'',	'adjektive',	NULL,	'egyedülálló'),
(17,	'',	'allgemein',	'',	'',	'',	'',	'adjektive',	1,	'általános, általában'),
(18,	'das',	'Alter',	'',	'',	'',	'',	'nomen',	NULL,	'életkor'),
(19,	'',	'angeberisch',	'',	'',	'',	'',	'adjektive',	NULL,	'hencegõ, felvágós'),
(20,	'der',	'Angehörige',	'n',	'',	'',	'',	'nomen',	NULL,	'hozzátartozó'),
(21,	'',	'angenehm',	'',	'',	'',	'',	'adjektive',	NULL,	'kellemes'),
(22,	'',	'angeschwollen',	'',	'',	'',	'',	'adjektive',	NULL,	'megdagadt, duzzadt'),
(23,	'die',	'Anschrift',	'en',	'',	'',	'',	'nomen',	NULL,	'lakcím'),
(24,	'',	'anständig',	'',	'',	'',	'',	'adjektive',	NULL,	'tisztességes, illedelmes, rendes'),
(25,	'',	'anziehen',	'',	'zog an',	'h. angezogen',	'ziehe an|ziehst an|zieht an|ziehen an|zieht an|ziehen an',	'verben',	1,	'felöltözik, felvesz'),
(26,	'der',	'Apfel',	'Äpfel',	'',	'',	'',	'nomen',	NULL,	'alma'),
(27,	'der',	'Appetit',	'e',	'',	'',	'',	'nomen',	NULL,	'étvágy'),
(28,	'',	'appetitlich',	'',	'',	'',	'',	'adjektive',	NULL,	'étvágygerjesztõ'),
(29,	'die',	'Aprikose',	'n',	'',	'',	'',	'nomen',	NULL,	'sárgabarack, kajszibarack'),
(30,	'die',	'Arbeit',	'en',	'',	'',	'',	'nomen',	2,	'állás, feladat, munka'),
(31,	'',	'arbeiten',	'',	'arbeitete',	'h. gearbeitet',	'arbeite|arbeitest|arbeitet|arbeiten|arbeitet|arbeiten',	'verben',	1,	'dolgozni'),
(32,	'die',	'Arbeitsgemeinschaft',	'en',	'',	'',	'',	'nomen',	NULL,	'szakkör, munkacsoport'),
(33,	'der',	'Arbeitslose',	'n',	'',	'',	'',	'nomen',	NULL,	'munkanélküli'),
(34,	'der',	'Arbeitsplatz',	'Arbeitsplätze',	'',	'',	'',	'nomen',	NULL,	'munkahely'),
(35,	'die',	'Arbeitsstelle',	'n',	'',	'',	'',	'nomen',	NULL,	'munkahely'),
(36,	'',	'arrogant',	'',	'',	'',	'',	'adjektive',	NULL,	'arrogáns'),
(37,	'der',	'Arzt',	'Ärzte',	'',	'',	'',	'nomen',	NULL,	'orvos'),
(38,	'die',	'Ärztin',	'nen',	'',	'',	'',	'nomen',	NULL,	'orvosnõ'),
(39,	'',	'athletisch',	'',	'',	'',	'',	'adjektive',	NULL,	'atlétikus'),
(40,	'',	'attraktiv',	'',	'',	'',	'',	'adjektive',	NULL,	'csinos, bájos, vonzó'),
(41,	'',	'aufbauen',	'',	'baute auf',	'h. aufgebaut',	' baue auf|baust auf|baut auf|bauen auf|baut auf|bauen auf',	'verben',	NULL,	'felépít'),
(42,	'',	'aufdringlich',	'',	'',	'',	'',	'adjektive',	NULL,	'erõszakos, sûrgetõ, tolakodó'),
(43,	'die',	'Aufgabe',	'n',	'',	'',	'',	'nomen',	NULL,	'feladat'),
(44,	'',	'aufgeschlossen',	'',	'',	'',	'',	'adjektive',	NULL,	'nyitott gondolkodású, õszínte, nyíltszívû'),
(45,	'',	'aufhängen',	'',	'hängte auf',	'h. aufgehängt',	'hänge auf|hängst auf|hängt auf|hängen auf|hängt auf|hängen auf',	'verben',	NULL,	'felakaszt'),
(46,	'',	'aufrichtig',	'',	'',	'',	'',	'adjektive',	NULL,	'õszinte, egyenes'),
(47,	'der',	'Aufschnitt',	'e',	'',	'',	'',	'nomen',	NULL,	'felvágott'),
(48,	'das',	'Auge',	'n',	'',	'',	'',	'nomen',	NULL,	'szem'),
(49,	'die',	'Ausbildung',	'en',	'',	'',	'',	'nomen',	NULL,	'mûveltség, kiképzés'),
(50,	'der',	'Ausflug',	'Ausflüge',	'',	'',	'',	'nomen',	NULL,	'kirándulás'),
(51,	'der',	'Ausgang',	'Ausgänge',	'',	'',	'',	'nomen',	NULL,	'kijárat'),
(52,	'',	'ausgeglichen',	'',	'',	'',	'',	'adjektive',	NULL,	'kiegyensúlyozott'),
(53,	'',	'ausgeprägt',	'',	'',	'',	'',	'adjektive',	NULL,	'jellegzetes'),
(54,	'',	'ausgiebig',	'',	'',	'',	'',	'adjektive',	NULL,	'kiadós'),
(55,	'',	'aussehen',	'',	'sah aus',	'h. ausgesehen',	'sehe aus|siehst aus|sieht aus|sehen aus|seht aus|sehen aus',	'verben',	NULL,	'kinéz valahogy'),
(56,	'',	'ausüben',	'',	'übte aus',	'h. ausgeübt',	'übe aus|übst aus|übt aus|üben aus|übt aus|üben aus',	'verben',	NULL,	'begyakorol, folytat'),
(57,	'das',	'Auto',	's',	'',	'',	'',	'nomen',	NULL,	'autó'),
(58,	'das',	'Baby',	's',	'',	'',	'',	'nomen',	NULL,	'bébi'),
(59,	'',	'backen',	'',	'backte',	'h. gebacken',	'backe|bäckst|bäckt|backen|backt|backen',	'verben',	NULL,	'süt (sütit)'),
(60,	'der',	'Bäcker',	'-',	'',	'',	'',	'nomen',	NULL,	'pék'),
(61,	'die',	'Bäckerin',	'nen',	'',	'',	'',	'nomen',	NULL,	'pék (nõ)'),
(62,	'der',	'Baletttänzer',	'-',	'',	'',	'',	'nomen',	NULL,	'balettáncos'),
(63,	'die',	'Baletttänzerin',	'nen',	'',	'',	'',	'nomen',	NULL,	'balettáncosnõ'),
(64,	'die',	'Banane',	'n',	'',	'',	'',	'nomen',	NULL,	'banán'),
(65,	'die',	'Bandweihe',	'',	'',	'',	'',	'nomen',	NULL,	'szalagavató'),
(66,	'das',	'Basilikum',	's',	'',	'',	'',	'nomen',	NULL,	'bazsalikom'),
(67,	'der',	'Beamte',	'n',	'',	'',	'',	'nomen',	NULL,	'hivatalnok (férfi)'),
(68,	'die',	'Beamtin',	'nen',	'',	'',	'',	'nomen',	NULL,	'hivatalnok (nõ)'),
(69,	'',	'begabt',	'',	'',	'',	'',	'adjektive',	NULL,	'tehetséges'),
(70,	'',	'beharrlich',	'',	'',	'',	'',	'adjektive',	NULL,	'kitartó, ragaszkodó'),
(71,	'',	'beherrschen',	'',	'beherrschte',	'h. beherrscht',	'beherrsche|beherrscht|beherrscht|beherrschen|beherrscht|beherrschen',	'verben',	NULL,	'uralkodik, tökéletesen tud'),
(72,	'die',	'Beilage',	'n',	'',	'',	'',	'nomen',	NULL,	'köret, melléklet'),
(73,	'',	'beilegen',	'',	'legte bei',	'h. beigelegt',	'lege bei|legst bei|legt bei|legen bei|legt bei|legen bei',	'verben',	NULL,	'mellékel, csatol'),
(74,	'das',	'Bein',	'e',	'',	'',	'',	'nomen',	NULL,	'láb'),
(75,	'',	'bekommen',	'',	'bekam',	'h. bekommen',	'bekomme|bekommst|bekommt|bekommen|bekommt|bekommen',	'verben',	NULL,	'kap'),
(76,	'',	'beleibt',	'',	'',	'',	'',	'adjektive',	NULL,	'testes, kövér'),
(77,	'',	'bemalen',	'',	'bemalte',	'h. bemalt',	'bemale|bemalst|bemalt|bemalen|bemalt|bemalen',	'verben',	NULL,	'befest'),
(78,	'der',	'Beruf',	'e',	'',	'',	'',	'nomen',	4,	'szakma, foglalkozás'),
(79,	'',	'beruflich',	'',	'',	'',	'',	'adjektive',	NULL,	'szakmai'),
(80,	'',	'berufstätig',	'',	'',	'',	'',	'adjektive',	NULL,	'dolgozó, hivatását gyakorló'),
(81,	'',	'beschäftigen',	'',	'beschäftigte',	'h. beschäftigt',	'beschäftige|beschäftigst|beschäftigt|beschäftigen|beschäftigt|beschäftigen',	'verben',	NULL,	'foglalkozni vmivel'),
(82,	'',	'bescheiden',	'',	'',	'',	'',	'adjektive',	NULL,	'szerény'),
(83,	'',	'bescheren',	'',	'bescherte',	'h. beschert',	'beschere|bescherst|beschert|bescheren|beschert|bescheren',	'verben',	NULL,	'ajándékoz, meglep'),
(84,	'die',	'Bescherung',	'en',	'',	'',	'',	'nomen',	NULL,	'ajándékozás, meglepetés'),
(85,	'',	'bescheuert',	'',	'',	'',	'',	'adjektive',	NULL,	'bolond'),
(86,	'',	'bespritzen',	'',	'bespritzte',	'h. bespritzt',	'bespritze|bespritzt|bespritzt|bespritzen|bespritzt|bespritzen',	'verben',	NULL,	'lefröcsköl, locsol'),
(87,	'',	'beständig',	'',	'',	'',	'',	'adjektive',	NULL,	'állandó, kitartó'),
(88,	'',	'besuchen',	'',	'besuchte',	'h. besucht',	'besuche|besuchst|besucht|besuchen|besucht|besuchen',	'verben',	NULL,	'meglátogat'),
(89,	'der',	'Betrieb',	'e',	'',	'',	'',	'nomen',	NULL,	'vállalat'),
(90,	'der',	'Betrug',	'Betruge',	'',	'',	'',	'nomen',	NULL,	'csalás'),
(91,	'',	'betrübt',	'',	'',	'',	'',	'adjektive',	NULL,	'szomorú, bánatos'),
(92,	'',	'betrügen',	'',	'betrog',	'h. betrogen',	'betrüge|betrügst|betrügt|betrügen|betrügt|betrügen',	'verben',	NULL,	'csal, becsap'),
(93,	'',	'betrügerisch',	'',	'',	'',	'',	'adjektive',	NULL,	'csaló, csalóka'),
(94,	'das',	'Bett',	'-',	'',	'',	'',	'nomen',	3,	'ágy'),
(95,	'',	'bevorzugen',	'',	'bevorzugte',	'h. bevorzugt',	'bevorzuge|bevorzugst|bevorzugt|bevorzugen|bevorzugt|bevorzugen',	'verben',	NULL,	'elõnyben részesít'),
(96,	'',	'beweglich',	'',	'',	'',	'',	'adjektive',	NULL,	'mozgékony, mozgatható'),
(97,	'',	'bewerben',	'',	'bewarb',	'h. beworben',	'bewerbe|bewirbst|bewirbt|bewerben|bewerbt|bewerben',	'verben',	NULL,	'pályázik, jelentkezik'),
(98,	'der',	'Bewerber',	'-',	'',	'',	'',	'nomen',	NULL,	'pályázó, jelentkezõ (férfi)'),
(99,	'die',	'Bewerberin',	'nen',	'',	'',	'',	'nomen',	NULL,	'pályázó, jelentkezõ (nõ)'),
(100,	'die',	'Bewerbung',	'en',	'',	'',	'',	'nomen',	NULL,	'pályázat, kérelem'),
(101,	'die',	'Beziehung',	'en',	'',	'',	'',	'nomen',	NULL,	'összefüggés, kapcsolat'),
(102,	'das',	'Bier',	'e',	'',	'',	'',	'nomen',	NULL,	'sör'),
(103,	'der',	'Biologe',	'n',	'',	'',	'',	'nomen',	NULL,	'biológus'),
(104,	'die',	'Biologie',	'',	'',	'',	'',	'nomen',	NULL,	'biológia'),
(105,	'die',	'Birne',	'n',	'',	'',	'',	'nomen',	NULL,	'körte'),
(106,	'',	'bisschen',	'',	'',	'',	'',	'adjektive',	NULL,	'kicsit, kissé'),
(107,	'',	'bitter',	'',	'',	'',	'',	'adjektive',	NULL,	'keserû'),
(108,	'',	'blass',	'',	'',	'',	'',	'adjektive',	NULL,	'sápadt'),
(109,	'',	'blau',	'',	'',	'',	'',	'adjektive',	1,	'kék'),
(110,	'',	'blaugrau',	'',	'',	'',	'',	'adjektive',	NULL,	'kékesszürke'),
(111,	'',	'bleiben',	'',	'blieb',	'i. geblieben',	'bleibe|bleibst|bleibt|bleiben|bleibt|bleiben',	'verben',	2,	'marad'),
(112,	'der',	'Bleistift',	'e',	'',	'',	'',	'nomen',	NULL,	'ceruza'),
(113,	'',	'blond',	'',	'',	'',	'',	'adjektive',	NULL,	'szõke'),
(114,	'',	'blöde',	'',	'',	'',	'',	'adjektive',	NULL,	'bamba, bárgyú'),
(115,	'der',	'Blutsverwandte',	'n',	'',	'',	'',	'nomen',	NULL,	'vérrokon'),
(116,	'die',	'Bohne',	'n',	'',	'',	'',	'nomen',	NULL,	'bab'),
(117,	'',	'borniert',	'',	'',	'',	'',	'adjektive',	NULL,	'korlátolt'),
(118,	'',	'braten',	'',	'briet',	'h. gebraten',	'brate|brätst|brät|braten|bratet|braten',	'verben',	NULL,	'húst süt'),
(119,	'das',	'Brathähnchen',	'-',	'',	'',	'',	'nomen',	NULL,	'sült csirke'),
(120,	'die',	'Bratwurst',	'Bratwürste',	'',	'',	'',	'nomen',	NULL,	'sült kolbász'),
(121,	'',	'braun',	'',	'',	'',	'',	'adjektive',	NULL,	'barna'),
(122,	'die',	'Braut',	'Bräute',	'',	'',	'',	'nomen',	NULL,	'menyasszony'),
(123,	'die',	'Brautentführung',	'en',	'',	'',	'',	'nomen',	NULL,	'menyasszony szöktetés'),
(124,	'der',	'Brautführer',	'-',	'',	'',	'',	'nomen',	NULL,	'võfély'),
(125,	'das',	'Brautgeschenk',	'e',	'',	'',	'',	'nomen',	NULL,	'nászajándék'),
(126,	'der',	'Bräutigam',	'e',	'',	'',	'',	'nomen',	NULL,	'võlegény'),
(127,	'das',	'Brautkleid',	'er',	'',	'',	'',	'nomen',	NULL,	'menyasszonyi ruha / võlegény ruha'),
(128,	'der',	'Brautkranz',	'Brautkränze',	'',	'',	'',	'nomen',	NULL,	'menyasszonyi koszorú'),
(129,	'die',	'Brautmutter',	'Brautmütter',	'',	'',	'',	'nomen',	NULL,	'örömanya'),
(130,	'das',	'Brautpaar',	'e',	'',	'',	'',	'nomen',	NULL,	'jegyesek'),
(131,	'der',	'Brautring',	'e',	'',	'',	'',	'nomen',	NULL,	'jeggyûrû'),
(132,	'der',	'Brautschleier',	'-',	'',	'',	'',	'nomen',	NULL,	'fátyol (menyasszonyi)'),
(133,	'der',	'Brautstrauß',	'Brautstraüße',	'',	'',	'',	'nomen',	NULL,	'menyasszonyi csokor'),
(134,	'der',	'Brauttanz',	'Brauttänze',	'',	'',	'',	'nomen',	NULL,	'menyasszonyi tánc'),
(135,	'der',	'Brautvater',	'Brautväter',	'',	'',	'',	'nomen',	NULL,	'örömapa'),
(136,	'',	'breit',	'',	'',	'',	'',	'adjektive',	NULL,	'tág, széles'),
(137,	'das',	'Brief',	'e',	'',	'',	'',	'nomen',	NULL,	'levél'),
(138,	'der',	'Briefträger',	'-',	'',	'',	'',	'nomen',	NULL,	'postás, levélhordó'),
(139,	'die',	'Brille',	'n',	'',	'',	'',	'nomen',	NULL,	'szemüveg'),
(140,	'',	'bringen',	'',	'brachte',	'h. gebracht',	'bringe|bringst|bringt|bringen|bringt|bringen',	'verben',	2,	'hoz, visz'),
(141,	'der',	'Brokkoli',	's',	'',	'',	'',	'nomen',	NULL,	'brokkoli'),
(142,	'das',	'Brot',	'e',	'',	'',	'',	'nomen',	NULL,	'kenyér'),
(143,	'der',	'Brotkorb',	'Brotkörbe',	'',	'',	'',	'nomen',	NULL,	'kenyérkosár'),
(144,	'das',	'Brötchen',	'-',	'',	'',	'',	'nomen',	NULL,	'zsemle'),
(145,	'der',	'Bruder',	'Brüder',	'',	'',	'',	'nomen',	NULL,	'fiútestvér'),
(146,	'',	'brüchig',	'',	'',	'',	'',	'adjektive',	NULL,	'törékeny'),
(147,	'der',	'Buntstift',	'e',	'',	'',	'',	'nomen',	NULL,	'színes ceruza'),
(148,	'der',	'Busfahrer',	'-',	'',	'',	'',	'nomen',	NULL,	'buszsofõr'),
(149,	'die',	'Butter',	'-',	'',	'',	'',	'nomen',	NULL,	'vaj'),
(150,	'',	'büffeln',	'',	'büffelte',	'h. gebüffelt',	'büffele|büffelst|büffelt|büffeln|büffelt|büffeln',	'verben',	NULL,	'magol'),
(151,	'der',	'Charakter',	'e',	'',	'',	'',	'nomen',	NULL,	'jellem, karakter'),
(152,	'der',	'Chef',	's',	'',	'',	'',	'nomen',	1,	'szakács, fõnök'),
(153,	'die',	'Chemie',	'',	'',	'',	'',	'nomen',	NULL,	'kémia'),
(154,	'der',	'Chemiker',	'-',	'',	'',	'',	'nomen',	NULL,	'vegyész, gyógyszerész'),
(155,	'der',	'Chili',	'',	'',	'',	'',	'nomen',	NULL,	'erõs paprika'),
(156,	'die',	'Christnacht',	'Christnächte',	'',	'',	'',	'nomen',	NULL,	'karácsony éjjele'),
(157,	'',	'clever',	'',	'',	'',	'',	'adjektive',	NULL,	'ügyes'),
(158,	'die',	'Cola',	's',	'',	'',	'',	'nomen',	NULL,	'kóla'),
(159,	'',	'cool',	'',	'',	'',	'',	'adjektive',	NULL,	'király, klassz, kiváló'),
(160,	'der',	'Cousin',	's',	'',	'',	'',	'nomen',	NULL,	'unokatestvér (fiú)'),
(161,	'die',	'Cousine',	'n',	'',	'',	'',	'nomen',	NULL,	'unokatestvér (lány)'),
(162,	'das',	'Curry',	's',	'',	'',	'',	'nomen',	NULL,	'curry'),
(163,	'der',	'Dachdecker',	'-',	'',	'',	'',	'nomen',	NULL,	'tetõfedõ'),
(164,	'die',	'Dattel',	'n',	'',	'',	'',	'nomen',	NULL,	'datolya'),
(165,	'',	'dauergewellt',	'',	'',	'',	'',	'adjektive',	NULL,	'dauerolt'),
(166,	'das',	'Dessert',	's',	'',	'',	'',	'nomen',	NULL,	'desszert'),
(167,	'die',	'Dessertgabel',	'n',	'',	'',	'',	'nomen',	NULL,	'dessert villa'),
(168,	'',	'diamanten',	'',	'',	'',	'',	'adjektive',	NULL,	'gyémánt'),
(169,	'',	'dick',	'',	'',	'',	'',	'adjektive',	NULL,	'kövér, vaskos'),
(170,	'',	'dickbäuchig',	'',	'',	'',	'',	'adjektive',	NULL,	'pocakos'),
(171,	'das',	'Diplom',	'e',	'',	'',	'',	'nomen',	NULL,	'diploma'),
(172,	'das',	'Direktorenzimmer',	'-',	'',	'',	'',	'nomen',	NULL,	'igazgatói iroda'),
(173,	'',	'diszipliniert',	'',	'',	'',	'',	'adjektive',	NULL,	'fegyelmezett'),
(174,	'',	'doof',	'',	'',	'',	'',	'adjektive',	NULL,	'bugyuta, buta'),
(175,	'das',	'Dorf',	'Dörfer',	'',	'',	'',	'nomen',	NULL,	'falu'),
(176,	'',	'draufgängerisch',	'',	'',	'',	'',	'adjektive',	NULL,	'rámenõs, nyomulós'),
(177,	'',	'dreigängig',	'',	'',	'',	'',	'adjektive',	NULL,	'háromfogásos'),
(178,	'der',	'Drilling',	'e',	'',	'',	'',	'nomen',	NULL,	'hármasikrek'),
(179,	'',	'dritte Zähne',	'',	'',	'',	'',	'nomen',	NULL,	'mûfogsor'),
(180,	'',	'dumm',	'',	'',	'',	'',	'adjektive',	NULL,	'buta, ostoba'),
(181,	'',	'dunkle',	'',	'',	'',	'',	'adjektive',	NULL,	'sötét'),
(182,	'der',	'Durchschnittsmensch',	'en',	'',	'',	'',	'nomen',	NULL,	'átlagember'),
(183,	'',	'durchtrainiert',	'',	'',	'',	'',	'adjektive',	NULL,	'kigyúrt'),
(184,	'',	'durstig',	'',	'',	'',	'',	'adjektive',	NULL,	'szomjas'),
(185,	'die',	'Dusche',	'n',	'',	'',	'',	'nomen',	NULL,	'zuhany'),
(186,	'',	'dünn',	'',	'',	'',	'',	'adjektive',	NULL,	'sovány'),
(187,	'',	'dünsten',	'',	'dünstete',	'h. gedünstet',	'dünste|dünstest|dünstet|dünsten|dünstet|dünsten',	'verben',	NULL,	'párol, dinsztel'),
(188,	'',	'dynamisch',	'',	'',	'',	'',	'adjektive',	NULL,	'dinamikus'),
(189,	'',	'eckig',	'',	'',	'',	'',	'adjektive',	NULL,	'szögletes'),
(190,	'die',	'Ehe',	'en',	'',	'',	'',	'nomen',	NULL,	'házasság'),
(191,	'die',	'Ehefrau',	'en',	'',	'',	'',	'nomen',	NULL,	'feleség'),
(192,	'der',	'Ehemann',	'Ehemänner',	'',	'',	'',	'nomen',	NULL,	'férj'),
(193,	'die',	'Ehering',	'e',	'',	'',	'',	'nomen',	NULL,	'jeggyûrû'),
(194,	'die',	'Eheschließung',	'en',	'',	'',	'',	'nomen',	NULL,	'házasságkötés'),
(195,	'',	'ehrlich',	'',	'',	'',	'',	'adjektive',	NULL,	'becsületes, õszinte'),
(196,	'das',	'Ei',	'er',	'',	'',	'',	'nomen',	NULL,	'tojás'),
(197,	'das',	'Eigenheim',	'e',	'',	'',	'',	'nomen',	NULL,	'családi ház'),
(198,	'die',	'Eigenschaft',	'en',	'',	'',	'',	'nomen',	NULL,	'tulajdonság'),
(199,	'',	'einfältig',	'',	'',	'',	'',	'adjektive',	NULL,	'együgyü, buta'),
(200,	'der',	'Eingang',	'Eingänge',	'',	'',	'',	'nomen',	NULL,	'bejárat'),
(201,	'',	'eingebildet',	'',	'',	'',	'',	'adjektive',	NULL,	'beképzelt'),
(202,	'das',	'Einkommen',	'-',	'',	'',	'',	'nomen',	NULL,	'jövedelem, bevétel'),
(203,	'',	'einladen',	'',	'lud ein',	'h. eingeladen',	'lade ein|lädst ein|lädt ein|laden ein|ladet ein|laden ein',	'verben',	NULL,	'meghív, bepakol'),
(204,	'die',	'Einschulung',	'n',	'',	'',	'',	'nomen',	NULL,	'iskolába küldés'),
(205,	'das',	'Einzelkind',	'er',	'',	'',	'',	'nomen',	NULL,	'egyke'),
(206,	'das',	'Eis',	'',	'',	'',	'',	'nomen',	NULL,	'fagylalt'),
(207,	'die',	'Eltern',	'',	'',	'',	'',	'nomen',	5,	'szülõk'),
(208,	'der',	'Empfang',	'Empfänge',	'',	'',	'',	'nomen',	NULL,	'fogadás'),
(209,	'',	'empfangen',	'',	'empfing',	'h. empfangen',	'empfange|empfängst|empfängt|empfangen|empfangt|empfangen',	'verben',	NULL,	'fogad, vesz'),
(210,	'',	'empfindlich',	'',	'',	'',	'',	'adjektive',	NULL,	'érzékeny'),
(211,	'',	'energisch',	'',	'',	'',	'',	'adjektive',	NULL,	'erélyes, energikus'),
(212,	'der',	'Enkel',	'-',	'',	'',	'',	'nomen',	NULL,	'fiúunoka'),
(213,	'die',	'Enkelin',	'nen',	'',	'',	'',	'nomen',	NULL,	'lányunoka'),
(214,	'der',	'Enkelsohn',	'Enkelsöhne',	'',	'',	'',	'nomen',	NULL,	'fiúunoka'),
(215,	'die',	'Enkeltochter',	'Enkeltöchter',	'',	'',	'',	'nomen',	NULL,	'lányunoka'),
(216,	'',	'entfernt',	'',	'',	'',	'',	'adjektive',	NULL,	'távoli'),
(217,	'die',	'Erdbeere',	'n',	'',	'',	'',	'nomen',	NULL,	'eper'),
(218,	'',	'erfahren',	'',	'erfuhr',	'h. erfahren',	'erfahre|erfährst|erfährt|erfahren|erfahrt|erfahren',	'verben',	NULL,	'tapasztal, megtud'),
(219,	'',	'erfolgreich',	'',	'',	'',	'',	'adjektive',	NULL,	'sikeres, jövedelmezõ'),
(220,	'',	'ergreifen',	'',	'ergriff',	'h. ergriffen',	'ergreife|ergreifst|ergreift|ergreifen|ergreift|ergreifen',	'verben',	NULL,	'megragad, fog'),
(221,	'',	'erholen',	'',	'erholte',	'h. erholt',	'erhole|erholst|erholt|erholen|erholt|erholen',	'verben',	NULL,	'elhoz, kipiheni magát'),
(222,	'',	'ernähren',	'',	'ernährte',	'h. ernährt',	'ernähre|ernährst|ernährt|ernähren|ernährt|ernähren',	'verben',	NULL,	'táplálkozik, táplál'),
(223,	'',	'erreichen',	'',	'erreichte',	'h. erreicht',	' erreiche|erreichst|erreicht|erreichen|erreicht|erreichen',	'verben',	NULL,	'elér, elnyer'),
(224,	'',	'erteilen',	'',	'erteilte',	'h. erteilt',	'erteile|erteilst|erteilt|erteilen|erteilt|erteilen',	'verben',	NULL,	'megad, adományoz'),
(225,	'',	'erwarten',	'',	'erwartete',	'h. erwartet',	'erwarte|erwartest|erwartet|erwarten|erwartet|erwarten',	'verben',	1,	'elvár, megvár'),
(226,	'',	'erziehen',	'',	'erzog',	'h. erzogen',	'erziehe|erziehst|erzieht|erziehen|erzieht|erziehen',	'verben',	NULL,	'felnevel'),
(227,	'',	'essen',	'',	'aß',	'h. gegessen',	'esse|isst|isst|essen|esst|essen',	'verben',	1,	'enni'),
(228,	'das',	'Essen',	'-',	'',	'',	'',	'nomen',	1,	'étel'),
(229,	'der',	'Essig',	'e',	'',	'',	'',	'nomen',	NULL,	'ecet'),
(230,	'der',	'Esstisch',	'e',	'',	'',	'',	'nomen',	NULL,	'étkezõasztal'),
(231,	'das',	'Etui',	's',	'',	'',	'',	'nomen',	NULL,	'tok, doboz'),
(232,	'die',	'Existenz',	'en',	'',	'',	'',	'nomen',	NULL,	'létezés'),
(233,	'die',	'Fabrik',	'en',	'',	'',	'',	'nomen',	NULL,	'gyár'),
(234,	'das',	'Fach',	'Fächer',	'',	'',	'',	'nomen',	NULL,	'tantárgy, szakma'),
(235,	'die',	'Fähigkeit',	'en',	'',	'',	'',	'nomen',	NULL,	'képesség, adottság'),
(236,	'',	'falsch',	'',	'',	'',	'',	'adjektive',	NULL,	'hamis, rossz, téves, helytelen, hibás'),
(237,	'',	'faltig',	'',	'',	'',	'',	'adjektive',	NULL,	'ráncos'),
(238,	'',	'familiär',	'',	'',	'',	'',	'adjektive',	NULL,	'családias, családi'),
(239,	'die',	'Familie',	'n',	'',	'',	'',	'nomen',	27,	'család'),
(240,	'das',	'Familienfest',	'e',	'',	'',	'',	'nomen',	NULL,	'családi ünnep'),
(241,	'der',	'Familienkreis',	'e',	'',	'',	'',	'nomen',	NULL,	'családi kör'),
(242,	'das',	'Familienmitglied',	'er',	'',	'',	'',	'nomen',	NULL,	'családtag'),
(243,	'der',	'Familienname',	'n',	'',	'',	'',	'nomen',	NULL,	'családnév'),
(244,	'das',	'Familienprogramm',	'e',	'',	'',	'',	'nomen',	NULL,	'családi program'),
(245,	'der',	'Familienstand',	'',	'',	'',	'',	'nomen',	NULL,	'családi állapot'),
(246,	'',	'färben',	'',	'färbte',	'h. gefärbt',	'färbe|färbst|färbt|färben|färbt|färben',	'verben',	NULL,	'fest, színez'),
(247,	'die',	'Fassung',	'en',	'',	'',	'',	'nomen',	NULL,	'felfogás, nyugalom'),
(248,	'das',	'Fastfood',	'',	'',	'',	'',	'nomen',	NULL,	'gyorsétel'),
(249,	'',	'faul',	'',	'',	'',	'',	'adjektive',	NULL,	'lusta'),
(250,	'',	'faulenzen',	'',	'faulenzte',	'h. gefaulenzt',	'faulenze|faulenzt|faulenzt|faulenzen|faulenzt|faulenzen',	'verben',	NULL,	'lustálkodik'),
(251,	'die',	'Federmappe',	'n',	'',	'',	'',	'nomen',	NULL,	'tolltartó'),
(252,	'die',	'Feier',	'n',	'',	'',	'',	'nomen',	NULL,	'ünnep'),
(253,	'',	'feiern',	'',	'feierte',	'h. gefeiert',	'feiere|feierst|feiert|feiern|feiert|feiern',	'verben',	NULL,	'ünnepel'),
(254,	'die',	'Feige',	'n',	'',	'',	'',	'nomen',	NULL,	'füge'),
(255,	'',	'fein',	'',	'',	'',	'',	'adjektive',	NULL,	'finom, kiváló'),
(256,	'',	'fernsehen',	'',	'sah fern',	'h. ferngesehen',	'sehe fern|siehst fern|sieht fern|sehen fern|seht fern|sehen fern',	'verben',	NULL,	'tévét néz'),
(257,	'',	'fest',	'',	'',	'',	'',	'adjektive',	NULL,	'szilárd, kemény, tartós'),
(258,	'das',	'Fest',	'e',	'',	'',	'',	'nomen',	NULL,	'ünnep, ünnepély'),
(259,	'',	'fett',	'',	'',	'',	'',	'adjektive',	NULL,	'kövér, zsíros'),
(260,	'',	'fettig',	'',	'',	'',	'',	'adjektive',	NULL,	'zsíros'),
(261,	'',	'feucht',	'',	'',	'',	'',	'adjektive',	NULL,	'nedves, vizes'),
(262,	'der',	'Feuerwehrmann',	'Feuerwehrmänner',	'',	'',	'',	'nomen',	NULL,	'tûzoltó'),
(263,	'die',	'Figur',	'en',	'',	'',	'',	'nomen',	1,	'alak'),
(264,	'',	'finden',	'',	'fand',	'h. gefunden',	'finde|findest|findet|finden| findet|finden',	'verben',	1,	'találni'),
(265,	'die',	'Firma',	'Firmen',	'',	'',	'',	'nomen',	NULL,	'cég, vállalat'),
(266,	'der',	'Fisch',	'e',	'',	'',	'',	'nomen',	NULL,	'hal'),
(267,	'das',	'Fleisch',	'',	'',	'',	'',	'nomen',	NULL,	'hús'),
(268,	'der',	'Fleischer',	'-',	'',	'',	'',	'nomen',	NULL,	'hentes'),
(269,	'die',	'Fleischsuppe',	'n',	'',	'',	'',	'nomen',	NULL,	'húsleves'),
(270,	'',	'flexibl',	'',	'',	'',	'',	'adjektive',	NULL,	'rugalmas'),
(271,	'die',	'Flitterwochen',	'',	'',	'',	'',	'nomen',	NULL,	'mézeshetek'),
(272,	'der',	'Florist',	'en',	'',	'',	'',	'nomen',	NULL,	'virágárus'),
(273,	'die',	'Floristin',	'nen',	'',	'',	'',	'nomen',	NULL,	'virágárusnõ'),
(274,	'',	'folgsam',	'',	'',	'',	'',	'adjektive',	NULL,	'engedelmes, szófogadó'),
(275,	'das',	'Foto',	's',	'',	'',	'',	'nomen',	1,	'fénykép'),
(276,	'der',	'Fotograf',	'en',	'',	'',	'',	'nomen',	NULL,	'fényképész'),
(277,	'der',	'Förster',	'-',	'',	'',	'',	'nomen',	NULL,	'erdész'),
(278,	'die',	'Frau',	'en',	'',	'',	'',	'nomen',	NULL,	'nõ'),
(279,	'',	'frech',	'',	'',	'',	'',	'adjektive',	NULL,	'szemtelen, pimasz'),
(280,	'',	'freigebig',	'',	'',	'',	'',	'adjektive',	NULL,	'adakozó, bõkezû'),
(281,	'die',	'Freistunde',	'n',	'',	'',	'',	'nomen',	NULL,	'lyukasóra'),
(282,	'die',	'Freizeit',	'en',	'',	'',	'',	'nomen',	21,	'szabadidõ'),
(283,	'',	'fremd',	'',	'',	'',	'',	'adjektive',	NULL,	'idegen, ismeretlen, furcsa'),
(284,	'die',	'Fremdsprache',	'n',	'',	'',	'',	'nomen',	NULL,	'idegennyelv'),
(285,	'',	'freudig',	'',	'',	'',	'',	'adjektive',	NULL,	'jókedvû, örömteli'),
(286,	'der',	'Freund',	'e',	'',	'',	'',	'nomen',	NULL,	'barát'),
(287,	'der',	'Freundeskreis',	'e',	'',	'',	'',	'nomen',	NULL,	'baráti kör'),
(288,	'die',	'Freundin',	'nen',	'',	'',	'',	'nomen',	1,	'barátnõ'),
(289,	'',	'freundlich',	'',	'',	'',	'',	'adjektive',	NULL,	'barátságos'),
(290,	'',	'friedliebend',	'',	'',	'',	'',	'adjektive',	NULL,	'békeszeretõ'),
(291,	'',	'frisch',	'',	'',	'',	'',	'adjektive',	NULL,	'friss'),
(292,	'der',	'Friseur',	'e',	'',	'',	'',	'nomen',	NULL,	'fodrász'),
(293,	'die',	'Friseuse',	'n',	'',	'',	'',	'nomen',	NULL,	'fodrásznõ'),
(294,	'der',	'Frohsinn',	'e',	'',	'',	'',	'nomen',	NULL,	'boldogság'),
(295,	'',	'fröhlich',	'',	'',	'',	'',	'adjektive',	NULL,	'vidám, boldog'),
(296,	'',	'früh',	'',	'',	'',	'',	'adjektive',	2,	'korán'),
(297,	'das',	'Frühstück',	'e',	'',	'',	'',	'nomen',	6,	'reggeli'),
(298,	'der',	'Fuß',	'Füße',	'',	'',	'',	'nomen',	NULL,	'láb, lábfej'),
(299,	'das',	'Fußballspiel',	'e',	'',	'',	'',	'nomen',	NULL,	'labdarúgás'),
(300,	'',	'führen',	'',	'führte',	'h. geführt',	'führe|führst|führt|führen|führt|führen',	'verben',	NULL,	'vezet, visel, életvitel'),
(301,	'der',	'Füller',	's',	'',	'',	'',	'nomen',	NULL,	'töltõtoll'),
(302,	'',	'füllig',	'',	'',	'',	'',	'adjektive',	NULL,	'telt'),
(303,	'die',	'Gabel',	'n',	'',	'',	'',	'nomen',	NULL,	'villa'),
(304,	'der',	'Gang',	'Gänge',	'',	'',	'',	'nomen',	NULL,	'folyósó'),
(305,	'der',	'Garten',	'Gärten',	'',	'',	'',	'nomen',	NULL,	'kert'),
(306,	'der',	'Gärtner',	'-',	'',	'',	'',	'nomen',	NULL,	'kertérsz'),
(307,	'der',	'Gast',	'Gäste',	'',	'',	'',	'nomen',	NULL,	'vendég'),
(308,	'',	'gebildet',	'',	'',	'',	'',	'adjektive',	NULL,	'mûvelt, kiképzett'),
(309,	'',	'gebräunt',	'',	'',	'',	'',	'adjektive',	NULL,	'napbarnított'),
(310,	'',	'gebrechlich',	'',	'',	'',	'',	'adjektive',	NULL,	'törékeny'),
(311,	'die',	'Geburt',	'en',	'',	'',	'',	'nomen',	NULL,	'szülés, születés'),
(312,	'die',	'Geburtsangaben',	'',	'',	'',	'',	'nomen',	NULL,	'születési adatok'),
(313,	'das',	'Geburtsdatum',	'Geburtsdaten',	'',	'',	'',	'nomen',	NULL,	'születési dátum'),
(314,	'der',	'Geburtsort',	'e',	'',	'',	'',	'nomen',	NULL,	'születési hely'),
(315,	'der',	'Geburtstag',	'e',	'',	'',	'',	'nomen',	NULL,	'születésnap'),
(316,	'die',	'Geburtstagparty',	's',	'',	'',	'',	'nomen',	NULL,	'szülinapi buli'),
(317,	'das',	'Geburtstagsgeschenk',	'e',	'',	'',	'',	'nomen',	NULL,	'szülinapi ajándék'),
(318,	'die',	'Geburtstagskarte',	'n',	'',	'',	'',	'nomen',	NULL,	'szülinapi kártya'),
(319,	'die',	'Geburtstagstorte',	'n',	'',	'',	'',	'nomen',	NULL,	'születésnapi torta'),
(320,	'das',	'Gedeck',	'e',	'',	'',	'',	'nomen',	NULL,	'teríték'),
(321,	'',	'geduldig',	'',	'',	'',	'',	'adjektive',	NULL,	'türelmes'),
(322,	'',	'gefärbt',	'',	'',	'',	'',	'adjektive',	NULL,	'festett'),
(323,	'',	'geformt',	'',	'',	'',	'',	'adjektive',	NULL,	'formás, formál, alakít'),
(324,	'das',	'Gehalt',	'Gehälter',	'',	'',	'',	'nomen',	NULL,	'fizetés'),
(325,	'',	'gehen',	'',	'ging',	'i. gegangen',	'gehe|gehst|geht|gehen|geht|gehen',	'verben',	13,	'megy'),
(326,	'',	'gehören',	'',	'gehörte',	'h. gehört',	'gehöre|gehörst|gehört|gehören|gehört|gehören',	'verben',	NULL,	'tartozni valamihez'),
(327,	'',	'geistig',	'',	'',	'',	'',	'adjektive',	NULL,	'szellemi'),
(328,	'der',	'Geistliche',	'n',	'',	'',	'',	'nomen',	NULL,	'lelkész'),
(329,	'der',	'Geizhals',	'Gleizhälse',	'',	'',	'',	'nomen',	NULL,	'zsugori, fösvény (fn)'),
(330,	'',	'geizig',	'',	'',	'',	'',	'adjektive',	NULL,	'fukar'),
(331,	'',	'gelassen',	'',	'',	'',	'',	'adjektive',	NULL,	'higgadt, szenvtelen'),
(332,	'',	'gelblich',	'',	'',	'',	'',	'adjektive',	NULL,	'sárgás'),
(333,	'',	'geldgierig',	'',	'',	'',	'',	'adjektive',	NULL,	'pénzsóvár, kapzsi'),
(334,	'das',	'Geldproblem',	'e',	'',	'',	'',	'nomen',	NULL,	'pénz probléma'),
(335,	'',	'gemeinsam',	'',	'',	'',	'',	'adjektive',	NULL,	'együtt, közösen'),
(336,	'das',	'Gemisch',	'e',	'',	'',	'',	'nomen',	NULL,	'keverék, elegy'),
(337,	'das',	'Gemüse',	'',	'',	'',	'',	'nomen',	NULL,	'zöldség, fõzelék'),
(338,	'die',	'Gemüseplatte',	'n',	'',	'',	'',	'nomen',	NULL,	'zöldségtál'),
(339,	'die',	'Geographie',	'',	'',	'',	'',	'nomen',	NULL,	'földrajz'),
(340,	'',	'gepflegt',	'',	'',	'',	'',	'adjektive',	NULL,	'gondozott, ápolt'),
(341,	'',	'gerade',	'',	'',	'',	'',	'adjektive',	3,	'egyenes'),
(342,	'',	'gerecht',	'',	'',	'',	'',	'adjektive',	NULL,	'megfelelõ, igazságos, becsületes'),
(343,	'das',	'Gericht',	'e',	'',	'',	'',	'nomen',	NULL,	'bíróság, étel'),
(344,	'',	'gescheit',	'',	'',	'',	'',	'adjektive',	NULL,	'okos, értelmes'),
(345,	'die',	'Geschichte',	'',	'',	'',	'',	'nomen',	NULL,	'történelem'),
(346,	'',	'geschieden',	'',	'',	'',	'',	'adjektive',	NULL,	'elvált'),
(347,	'',	'geschmeidig',	'',	'',	'',	'',	'adjektive',	NULL,	'rugalmas, sima'),
(348,	'',	'geschwätzig',	'',	'',	'',	'',	'adjektive',	NULL,	'szószátyár'),
(349,	'die',	'Geschwister',	'',	'',	'',	'',	'nomen',	NULL,	'testvérek'),
(350,	'das',	'Gesicht',	'er',	'',	'',	'',	'nomen',	1,	'arc'),
(351,	'',	'gesprächig',	'',	'',	'',	'',	'adjektive',	NULL,	'társasági, beszédes'),
(352,	'',	'gesund',	'',	'',	'',	'',	'adjektive',	9,	'egészséges'),
(353,	'das',	'Getränk',	'e',	'',	'',	'',	'nomen',	NULL,	'ital'),
(354,	'',	'gewagt',	'',	'',	'',	'',	'adjektive',	NULL,	'merész'),
(355,	'',	'gewissenschaft',	'',	'',	'',	'',	'adjektive',	NULL,	'lelkiismeretes'),
(356,	'',	'glänzend',	'',	'',	'',	'',	'adjektive',	NULL,	'fényes, ragyogó'),
(357,	'das',	'Glas',	'Gläser',	'',	'',	'',	'nomen',	1,	'üveg, pohár'),
(358,	'der',	'Glaser',	'-',	'',	'',	'',	'nomen',	NULL,	'üveges'),
(359,	'',	'glatt',	'',	'',	'',	'',	'adjektive',	NULL,	'sima'),
(360,	'',	'gleitend',	'',	'',	'',	'',	'adjektive',	NULL,	'kötetlen'),
(361,	'',	'glücklich',	'',	'',	'',	'',	'adjektive',	NULL,	'boldog, szerencsés'),
(362,	'',	'golden',	'',	'',	'',	'',	'adjektive',	NULL,	'arany'),
(363,	'der',	'Goldschmied',	'e',	'',	'',	'',	'nomen',	NULL,	'aranymûves, ötvös'),
(364,	'die',	'Grapefruit',	'',	'',	'',	'',	'nomen',	NULL,	'grépfruit'),
(365,	'der',	'Graphiker',	'-',	'',	'',	'',	'nomen',	NULL,	'grafikus'),
(366,	'die',	'Graphikerin',	'nen',	'',	'',	'',	'nomen',	NULL,	'grafikusnõ'),
(367,	'',	'gratulieren',	'',	'gratulierte',	'h. gratuliert',	'gratuliere|gratulierst|gratuliert|gratulieren|gratuliert|gratulieren',	'verben',	NULL,	'gratulál'),
(368,	'',	'grau',	'',	'',	'',	'',	'adjektive',	NULL,	'szürke, õsz'),
(369,	'die',	'Grießknödelsuppe',	'n',	'',	'',	'',	'nomen',	NULL,	'grízgaluska leves'),
(370,	'',	'grillen',	'',	'grillte',	'h. gegrillt',	'grille|grillst|grillt|grillen|grillt|grillen',	'verben',	NULL,	'grillez'),
(371,	'',	'grob',	'',	'',	'',	'',	'adjektive',	NULL,	'durva'),
(372,	'',	'groß',	'',	'',	'',	'',	'adjektive',	NULL,	'nagy'),
(373,	'die',	'Großeltern',	'-',	'',	'',	'',	'nomen',	NULL,	'nagyszülõk'),
(374,	'die',	'Großmutter',	'Großmütter',	'',	'',	'',	'nomen',	NULL,	'nagymama'),
(375,	'der',	'Großvater',	'Großväter',	'',	'',	'',	'nomen',	NULL,	'nagypapa'),
(376,	'',	'großzügig',	'',	'',	'',	'',	'adjektive',	NULL,	'nagylelkû, bõkezû'),
(377,	'die',	'Grundschule',	'n',	'',	'',	'',	'nomen',	NULL,	'általános iskola'),
(378,	'',	'grün',	'',	'',	'',	'',	'adjektive',	NULL,	'zöld'),
(379,	'',	'gründen',	'',	'gründete',	'h. gegründet',	'gründe|gründest|gründet|gründen|gründet|gründen',	'verben',	NULL,	'alapít'),
(380,	'',	'grüngrau',	'',	'',	'',	'',	'adjektive',	NULL,	'zöldesszürke'),
(381,	'die',	'Gurke',	'n',	'',	'',	'',	'nomen',	NULL,	'uborka'),
(382,	'',	'gut',	'',	'',	'',	'',	'adjektive',	9,	'jó, jól'),
(383,	'',	'gut gebaut',	'',	'',	'',	'',	'adjektive',	NULL,	'jó felépítésû'),
(384,	'der',	'Gymnasiast',	'en',	'',	'',	'',	'nomen',	NULL,	'gimnazista'),
(385,	'das',	'Gymnasium',	'',	'',	'',	'',	'nomen',	3,	'gimnázium'),
(386,	'das',	'Haar',	'e',	'',	'',	'',	'nomen',	NULL,	'haj'),
(387,	'',	'haben',	'',	'hatte',	'h. gehabt',	'habe|hast|hat|haben|habt|haben',	'verben',	11,	'van, birtokol'),
(388,	'',	'hacken',	'',	'hackte',	'h. gehackt',	'hacke|hackst|hackt|hacken|hackt|hacken',	'verben',	NULL,	'vág, kapál'),
(389,	'',	'hager',	'',	'',	'',	'',	'adjektive',	NULL,	'sovány'),
(390,	'die',	'Hakennase',	'n',	'',	'',	'',	'nomen',	NULL,	'horgas-, kampós orr'),
(391,	'das',	'Halbjahr',	'e',	'',	'',	'',	'nomen',	NULL,	'félév (iskolai)'),
(392,	'die',	'Hand',	'Hände',	'',	'',	'',	'nomen',	NULL,	'kéz'),
(393,	'',	'hängen',	'',	'hing',	'h. gehangen',	'hänge|hängst|hängt|hängen|hängt|hängen',	'verben',	NULL,	'lóg, akaszt'),
(394,	'',	'harmonisch',	'',	'',	'',	'',	'adjektive',	NULL,	'harmónikus'),
(395,	'',	'hartnäckig',	'',	'',	'',	'',	'adjektive',	NULL,	'makacs, konok'),
(396,	'die',	'Haselnuss',	'Haselnüsse',	'',	'',	'',	'nomen',	NULL,	'mogyoró'),
(397,	'',	'hässlich',	'',	'',	'',	'',	'adjektive',	NULL,	'csúnya, ronda'),
(398,	'das',	'Hauptgericht',	'e',	'',	'',	'',	'nomen',	NULL,	'fõétel, fõfogás'),
(399,	'das',	'Haus',	'Häuser',	'',	'',	'',	'nomen',	2,	'ház'),
(400,	'die',	'Hausaufgabe',	'n',	'',	'',	'',	'nomen',	NULL,	'házifeladat'),
(401,	'die',	'Haut',	'Häute',	'',	'',	'',	'nomen',	NULL,	'bõr'),
(402,	'das',	'Heft',	'e',	'',	'',	'',	'nomen',	NULL,	'füzet'),
(403,	'die',	'Heidelbeere',	'n',	'',	'',	'',	'nomen',	NULL,	'áfonya'),
(404,	'die',	'Heirat',	'en',	'',	'',	'',	'nomen',	NULL,	'házasság'),
(405,	'',	'heiraten',	'',	'heiratete',	'h. geheiratet',	'heirate|heiratest|heiratet|heiraten|heiratet|heiraten',	'verben',	NULL,	'házasodni'),
(406,	'',	'heißen',	'',	'hieß',	'h. geheißt',	'heiße|heißt|heißt|heißen|heißt|heißen',	'verben',	NULL,	'hívni'),
(407,	'',	'heiter',	'',	'',	'',	'',	'adjektive',	NULL,	'derûs, vidám'),
(408,	'',	'hell',	'',	'',	'',	'',	'adjektive',	1,	'világos'),
(409,	'',	'herzförmig',	'',	'',	'',	'',	'adjektive',	NULL,	'szívalakú'),
(410,	'',	'hilfsbereit',	'',	'',	'',	'',	'adjektive',	NULL,	'segítõkész'),
(411,	'die',	'Himbeere',	'n',	'',	'',	'',	'nomen',	NULL,	'málna'),
(412,	'',	'hinterlistig',	'',	'',	'',	'',	'adjektive',	NULL,	'alattomos'),
(413,	'das',	'Hobby',	's',	'',	'',	'',	'nomen',	NULL,	'hobbi'),
(414,	'die',	'Hochschule',	'n',	'',	'',	'',	'nomen',	NULL,	'fõiskola'),
(415,	'die',	'Hochzeit',	'en',	'',	'',	'',	'nomen',	NULL,	'esküvõ, lakodalom'),
(416,	'das',	'Hochzeitsfoto',	's',	'',	'',	'',	'nomen',	NULL,	'esküvõi fénykép'),
(417,	'das',	'Hochzeitsgeschenk',	'e',	'',	'',	'',	'nomen',	NULL,	'nászajándék'),
(418,	'das',	'Hochzeitskleid',	'er',	'',	'',	'',	'nomen',	NULL,	'menyasszonyi ruha / võlegény ruha'),
(419,	'die',	'Hochzeitsnacht',	'Hochzeitsnächte',	'',	'',	'',	'nomen',	NULL,	'nászéjszaka'),
(420,	'die',	'Hochzeitsreise',	'n',	'',	'',	'',	'nomen',	NULL,	'nászút'),
(421,	'der',	'Honig',	'e',	'',	'',	'',	'nomen',	NULL,	'méz'),
(422,	'das',	'Hörnchen',	'-',	'',	'',	'',	'nomen',	NULL,	'kifli'),
(423,	'',	'humorvoll',	'',	'',	'',	'',	'adjektive',	NULL,	'humoros, tréfás'),
(424,	'der',	'Hunger',	'',	'',	'',	'',	'nomen',	NULL,	'éhség'),
(425,	'',	'hübsch',	'',	'',	'',	'',	'adjektive',	NULL,	'csínos'),
(426,	'',	'ideal',	'',	'',	'',	'',	'adjektive',	NULL,	'ideális'),
(427,	'',	'informieren',	'',	'informierte',	'h. informiert',	'informiere|informierst|informiert|informieren|informiert|informieren',	'verben',	NULL,	'tájékoztat, értesít'),
(428,	'der',	'Ingwer',	'-',	'',	'',	'',	'nomen',	NULL,	'gyömbér'),
(429,	'',	'intelligent',	'',	'',	'',	'',	'adjektive',	NULL,	'intelligens'),
(430,	'das',	'Intresse',	'n',	'',	'',	'',	'nomen',	NULL,	'érdeklõdés'),
(431,	'der',	'Jahreswechsel',	'-',	'',	'',	'',	'nomen',	NULL,	'évváltás'),
(432,	'die',	'Jause',	'n',	'',	'',	'',	'nomen',	NULL,	'uzsonna'),
(433,	'der',	'Job',	's',	'',	'',	'',	'nomen',	1,	'munka, állás'),
(434,	'die',	'Johannisbeere',	'n',	'',	'',	'',	'nomen',	NULL,	'ribizli'),
(435,	'der',	'Journalist',	'en',	'',	'',	'',	'nomen',	NULL,	'újságíró'),
(436,	'die',	'Journalistin',	'nen',	'',	'',	'',	'nomen',	NULL,	'újságírónõ'),
(437,	'das',	'Jubiläum',	'Jubiläen',	'',	'',	'',	'nomen',	NULL,	'évforduló, jubileum'),
(438,	'',	'jugendlich',	'',	'',	'',	'',	'adjektive',	NULL,	'fiatalos'),
(439,	'der',	'Junge',	'en',	'',	'',	'',	'nomen',	NULL,	'fiú'),
(440,	'der',	'Junggeselle',	'n',	'',	'',	'',	'nomen',	NULL,	'agglegény'),
(441,	'der',	'Kaffee',	'',	'',	'',	'',	'nomen',	NULL,	'kávé'),
(442,	'der',	'Kakao',	'',	'',	'',	'',	'nomen',	NULL,	'kakaó'),
(443,	'',	'kalorienarm',	'',	'',	'',	'',	'adjektive',	NULL,	'kalóriaszegény'),
(444,	'',	'kalorienreich',	'',	'',	'',	'',	'adjektive',	NULL,	'kalóriadús'),
(445,	'',	'kalt',	'',	'',	'',	'',	'adjektive',	NULL,	'hideg, hûvös'),
(446,	'',	'kämmen',	'',	'kämmte',	'h. gekämmt',	'kämme|kämmst|kämmt|kämmen|kämmt|kämmen',	'verben',	NULL,	'fésül'),
(447,	'die',	'Karotte',	'n',	'',	'',	'',	'nomen',	NULL,	'sárgarépa, répa'),
(448,	'die',	'Karriere',	'n',	'',	'',	'',	'nomen',	10,	'karrier'),
(449,	'die',	'Kartoffel',	'n',	'',	'',	'',	'nomen',	NULL,	'burgonya, krumpli'),
(450,	'die',	'Kartoffelkrokette',	'n',	'',	'',	'',	'nomen',	NULL,	'krumpli krokett'),
(451,	'das',	'Kartoffelpüree',	's',	'',	'',	'',	'nomen',	NULL,	'krumplipüré'),
(452,	'die',	'Karwoche',	'n',	'',	'',	'',	'nomen',	NULL,	'nagyhét'),
(453,	'der',	'Käse',	'-',	'',	'',	'',	'nomen',	NULL,	'sajt'),
(454,	'',	'kauen',	'',	'kaute',	'h. gekaut',	'kaue|kaust|kaut|kauen|kaut|kauen',	'verben',	NULL,	'rág'),
(455,	'der',	'Kellner',	'-',	'',	'',	'',	'nomen',	1,	'pincér'),
(456,	'die',	'Kellnerin',	'nen',	'',	'',	'',	'nomen',	NULL,	'pincérnõ'),
(457,	'',	'kennenlernen',	'',	'lernte kennen',	'h. kennengelernt',	'lerne kennen|lernst kennen|lernt kennen|lernen kennen|lernt kennen|lernen kennen',	'verben',	NULL,	'megismerni'),
(458,	'die',	'Kenntnis',	'se',	'',	'',	'',	'nomen',	NULL,	'ismeret'),
(459,	'die',	'Kerze',	'n',	'',	'',	'',	'nomen',	NULL,	'gyertya'),
(460,	'der',	'Ketchup',	'',	'',	'',	'',	'nomen',	NULL,	'ketchup'),
(461,	'das',	'Kind',	'er',	'',	'',	'',	'nomen',	4,	'gyerek'),
(462,	'die',	'Kindererziehung',	'en',	'',	'',	'',	'nomen',	NULL,	'gyermeknevelés'),
(463,	'der',	'Kindergarten',	'Kindergärten',	'',	'',	'',	'nomen',	NULL,	'óvoda'),
(464,	'das',	'Kinderheim',	'e',	'',	'',	'',	'nomen',	NULL,	'gyerekotthon'),
(465,	'',	'kinderlos',	'',	'',	'',	'',	'adjektive',	NULL,	'gyermektelen'),
(466,	'',	'kinderreich',	'',	'',	'',	'',	'adjektive',	NULL,	'sokgyerekes'),
(467,	'',	'kinnlang',	'',	'',	'',	'',	'adjektive',	NULL,	'állig érõ'),
(468,	'das',	'Kino',	's',	'',	'',	'',	'nomen',	NULL,	'mozi'),
(469,	'',	'kirchlich',	'',	'',	'',	'',	'adjektive',	NULL,	'egyházi'),
(470,	'die',	'Kirsche',	'n',	'',	'',	'',	'nomen',	NULL,	'cseresznye'),
(471,	'',	'klasse',	'',	'',	'',	'',	'adjektive',	1,	'nagyszerû'),
(472,	'die',	'Klasse',	'n',	'',	'',	'',	'nomen',	1,	'osztály'),
(473,	'der',	'Klassenlehrer',	'n',	'',	'',	'',	'nomen',	NULL,	'osztályfõnök (férfi)'),
(474,	'die',	'Klassenlehrerin',	'nen',	'',	'',	'',	'nomen',	NULL,	'osztályfõnök (nõ)'),
(475,	'das',	'Klassenzimmer',	'-',	'',	'',	'',	'nomen',	NULL,	'osztályterem'),
(476,	'die',	'Klausur',	'en',	'',	'',	'',	'nomen',	NULL,	'zárthelyi dolgozat'),
(477,	'die',	'Kleiderablage',	'n',	'',	'',	'',	'nomen',	NULL,	'ruhatár'),
(478,	'',	'klein',	'',	'',	'',	'',	'adjektive',	NULL,	'kicsi'),
(479,	'das',	'Kleinkind',	'er',	'',	'',	'',	'nomen',	NULL,	'kisgyerek'),
(480,	'',	'kleinlich',	'',	'',	'',	'',	'adjektive',	NULL,	'kicsinyes'),
(481,	'',	'klug',	'',	'',	'',	'',	'adjektive',	NULL,	'okos'),
(482,	'',	'knabbern',	'',	'knabberte',	'h. geknabbert',	'knabbere|knabberst|knabbert|knabbern|knabbert|knabbern',	'verben',	NULL,	'rág, rágcsál'),
(483,	'die',	'Knollennase',	'n',	'',	'',	'',	'nomen',	NULL,	'krumpliorr'),
(484,	'der',	'Knödel',	'-',	'',	'',	'',	'nomen',	NULL,	'gombóc'),
(485,	'',	'knusprig',	'',	'',	'',	'',	'adjektive',	NULL,	'ropogós'),
(486,	'',	'knüpfen',	'',	'knüpfte',	'h. geknüpft',	'knüpfe|knüpfst|knüpft|knüpfen|knüpft|knüpfen',	'verben',	NULL,	'köt, csomóz'),
(487,	'der',	'Koch',	'Köche',	'',	'',	'',	'nomen',	NULL,	'szakács'),
(488,	'',	'kochen',	'',	'kochte',	'h. gekocht',	'koche|kochst|kocht|kochen|kocht|kochen',	'verben',	NULL,	'fõzni'),
(489,	'der',	'Kohl',	'e',	'',	'',	'',	'nomen',	NULL,	'káposzta, kelkáposzta'),
(490,	'der',	'Kollege',	'n',	'',	'',	'',	'nomen',	NULL,	'kolléga'),
(491,	'die',	'Kollegin',	'nen',	'',	'',	'',	'nomen',	NULL,	'kolléganõ'),
(492,	'das',	'Kompott',	'e',	'',	'',	'',	'nomen',	NULL,	'kompót, befõtt'),
(493,	'das',	'Konzert',	'e',	'',	'',	'',	'nomen',	NULL,	'koncert'),
(494,	'der',	'Kopfsalat',	'e',	'',	'',	'',	'nomen',	NULL,	'fejes saláta'),
(495,	'der',	'Koriander',	'-',	'',	'',	'',	'nomen',	NULL,	'koriandermag  '),
(496,	'',	'korpulent',	'',	'',	'',	'',	'adjektive',	NULL,	'testes'),
(497,	'der',	'Kosename',	'n',	'',	'',	'',	'nomen',	NULL,	'becenév'),
(498,	'die',	'Kosmetikerin',	'nen',	'',	'',	'',	'nomen',	NULL,	'kozmetikus'),
(499,	'',	'kosten',	'',	'kostete',	'h. gekostet',	' koste|kostest|kostet|kosten|kostet|kosten',	'verben',	NULL,	'kerül vmibe, kóstol'),
(500,	'die',	'Köchin',	'nen',	'',	'',	'',	'nomen',	NULL,	'szakácsnõ'),
(501,	'der',	'Körper',	'-',	'',	'',	'',	'nomen',	NULL,	'test'),
(502,	'der',	'Körperbau',	'-',	'',	'',	'',	'nomen',	NULL,	'testfelépítés'),
(503,	'die',	'Körpergröße',	'n',	'',	'',	'',	'nomen',	NULL,	'testmagasság'),
(504,	'',	'köstlich',	'',	'',	'',	'',	'adjektive',	NULL,	'pompás'),
(505,	'',	'kraus',	'',	'',	'',	'',	'adjektive',	NULL,	'göndör, kusza'),
(506,	'die',	'Kreide',	'n',	'',	'',	'',	'nomen',	NULL,	'kréta'),
(507,	'',	'krumm',	'',	'',	'',	'',	'adjektive',	NULL,	'görbe'),
(508,	'der',	'Kuchen',	'-',	'',	'',	'',	'nomen',	NULL,	'sütemény, kalács'),
(509,	'der',	'Kuli',	's',	'',	'',	'',	'nomen',	NULL,	'toll'),
(510,	'der',	'Kurs',	'e',	'',	'',	'',	'nomen',	NULL,	'tanfolyam, kurzus'),
(511,	'',	'kurz',	'',	'',	'',	'',	'adjektive',	NULL,	'rövid'),
(512,	'',	'kühn',	'',	'',	'',	'',	'adjektive',	NULL,	'merész, vakmerõ'),
(513,	'der',	'Kümmel',	'-',	'',	'',	'',	'nomen',	NULL,	'kömény'),
(514,	'',	'kümmern',	'',	'kümmerte ',	'h. gekümmert',	'kümmere|kümmerst|kümmert|kümmern|kümmert|kümmern',	'verben',	NULL,	'törõdikl, gondoskodik'),
(515,	'der',	'Künstler',	'-',	'',	'',	'',	'nomen',	NULL,	'mûvész'),
(516,	'',	'künstlerisch',	'',	'',	'',	'',	'adjektive',	NULL,	'mûvészi'),
(517,	'',	'lächelnd',	'',	'',	'',	'',	'adjektive',	NULL,	'mosolygós'),
(518,	'das',	'Land',	'Lände',	'',	'',	'',	'nomen',	2,	'ország'),
(519,	'die',	'Landkarte',	'n',	'',	'',	'',	'nomen',	NULL,	'térkép'),
(520,	'der',	'Landwirt',	'e',	'',	'',	'',	'nomen',	NULL,	'gazda'),
(521,	'',	'lang',	'',	'',	'',	'',	'adjektive',	NULL,	'hosszú'),
(522,	'',	'länglich',	'',	'',	'',	'',	'adjektive',	NULL,	'hosszúkás'),
(523,	'',	'lassen',	'',	'ließ',	'h. gelassen',	'lasse|lässt|lässt|lassen|lasst|lassen',	'verben',	1,	'enged, hagy'),
(524,	'',	'lässig',	'',	'',	'',	'',	'adjektive',	NULL,	'hanyag'),
(525,	'',	'leben',	'',	'lebte',	'h. gelebt',	'lebe|lebst|lebt|leben|lebt|leben',	'verben',	2,	'él'),
(526,	'der',	'Lebensgefährte',	'en',	'',	'',	'',	'nomen',	NULL,	'életveszély'),
(527,	'der',	'Lebenslauf',	'Lebensläufe',	'',	'',	'',	'nomen',	NULL,	'önéletrajz'),
(528,	'das',	'Lebensmittel',	'-',	'',	'',	'',	'nomen',	NULL,	'élelmiszer'),
(529,	'der',	'Lebenspartner',	'-',	'',	'',	'',	'nomen',	NULL,	'élettárs (férfi)'),
(530,	'die',	'Lebenspartnerin',	'-',	'',	'',	'',	'nomen',	NULL,	'élettárs (nõ)'),
(531,	'',	'lebhaft',	'',	'',	'',	'',	'adjektive',	NULL,	'élénk, életrevaló'),
(532,	'',	'lecker',	'',	'',	'',	'',	'adjektive',	1,	'finnyás, ízletes'),
(533,	'',	'ledig',	'',	'',	'',	'',	'adjektive',	NULL,	'hajadon'),
(534,	'',	'legen',	'',	'legte',	'h. gelegt',	'lege|legst|legt|legen|legt|legen',	'verben',	NULL,	'fekszik, elhelyez'),
(535,	'der',	'Lehrer',	'-',	'',	'',	'',	'nomen',	6,	'tanár (férfi)'),
(536,	'die',	'Lehrerin',	'nen',	'',	'',	'',	'nomen',	2,	'tanár (nõ)'),
(537,	'der',	'Lehrertisch',	'e',	'',	'',	'',	'nomen',	NULL,	'tanári asztal'),
(538,	'der',	'Lehrkörper',	'-',	'',	'',	'',	'nomen',	NULL,	'tantestület'),
(539,	'das',	'Leibgericht',	'e',	'',	'',	'',	'nomen',	NULL,	'kedvenc étel'),
(540,	'',	'leicht gekränkt',	'',	'',	'',	'',	'adjektive',	NULL,	'könnyen sértõdõ, sértõdékeny'),
(541,	'',	'leichtsinnig',	'',	'',	'',	'',	'adjektive',	NULL,	'könnyelmû'),
(542,	'',	'lernen',	'',	'lernte',	'h. gelernt',	'lerne|lernst|lernt|lernen|lernt|lernen',	'verben',	1,	'tanul'),
(543,	'',	'lesen',	'',	'las',	'h. gelesen',	'lese|liest|liest|lesen|lest|lesen',	'verben',	1,	'olvas'),
(544,	'',	'leuchtend',	'',	'',	'',	'',	'adjektive',	NULL,	'ragyogó'),
(545,	'die',	'Lieblingsstunde',	'n',	'',	'',	'',	'nomen',	NULL,	'kedvenc óra'),
(546,	'',	'liegend',	'',	'',	'',	'',	'adjektive',	NULL,	'fekve, fekvõ'),
(547,	'der',	'Likör',	'e',	'',	'',	'',	'nomen',	NULL,	'likõr'),
(548,	'die',	'Limonade',	'n',	'',	'',	'',	'nomen',	NULL,	'limonádé'),
(549,	'das',	'Lineal',	'e',	'',	'',	'',	'nomen',	NULL,	'vonalzó'),
(550,	'die',	'Linse',	'n',	'',	'',	'',	'nomen',	NULL,	'lencse'),
(551,	'',	'locker',	'',	'',	'',	'',	'adjektive',	NULL,	'laza'),
(552,	'',	'lockig',	'',	'',	'',	'',	'adjektive',	NULL,	'göndör'),
(553,	'der',	'Lohn',	'Löhne',	'',	'',	'',	'nomen',	NULL,	'fizetés, munkabér'),
(554,	'das',	'Lorbeerblatt',	'Lorbeerblätte',	'',	'',	'',	'nomen',	NULL,	'babérlevél'),
(555,	'',	'loyal',	'',	'',	'',	'',	'adjektive',	NULL,	'hû, lojális'),
(556,	'der',	'Löffel',	'-',	'',	'',	'',	'nomen',	NULL,	'kanál'),
(557,	'',	'lustig',	'',	'',	'',	'',	'adjektive',	1,	'vidám'),
(558,	'',	'machen',	'',	'machte',	'h. gemacht',	'mache|machst|macht|machen|macht|machen',	'verben',	6,	'csinál, elkészít'),
(559,	'das',	'Mädchen',	'-',	'',	'',	'',	'nomen',	NULL,	'lány'),
(560,	'der',	'Mädchenname',	'n',	'',	'',	'',	'nomen',	NULL,	'lánykori név'),
(561,	'',	'mager',	'',	'',	'',	'',	'adjektive',	NULL,	'sovány'),
(562,	'',	'mahlen',	'',	'mahlte',	'h. gemahlen',	'mahle|mahlst|mahlt|mahlen|mahlt|mahlen',	'verben',	NULL,	'õröl'),
(563,	'der',	'Maler',	'-',	'',	'',	'',	'nomen',	NULL,	'festõ'),
(564,	'die',	'Mandarine',	'n',	'',	'',	'',	'nomen',	NULL,	'mandarin'),
(565,	'der',	'Mangelberuf',	'e',	'',	'',	'',	'nomen',	NULL,	'hiányszakma'),
(566,	'',	'mangelnd',	'',	'',	'',	'',	'adjektive',	NULL,	'hiányos'),
(567,	'der',	'Mann',	'Männer',	'',	'',	'',	'nomen',	NULL,	'férfi, ember'),
(568,	'die',	'Margarine',	'n',	'',	'',	'',	'nomen',	NULL,	'margarin'),
(569,	'der',	'Markierer',	'-',	'',	'',	'',	'nomen',	NULL,	'kihúzó'),
(570,	'',	'materiell',	'',	'',	'',	'',	'adjektive',	NULL,	'anyagi'),
(571,	'die',	'Mathematik',	'',	'',	'',	'',	'nomen',	NULL,	'matek'),
(572,	'der',	'Mathematiker',	'-',	'',	'',	'',	'nomen',	NULL,	'matematikus'),
(573,	'',	'matt',	'',	'',	'',	'',	'adjektive',	NULL,	'matt'),
(574,	'der',	'Maurer',	'-',	'',	'',	'',	'nomen',	NULL,	'kõmûves'),
(575,	'die',	'Medizin',	'en',	'',	'',	'',	'nomen',	NULL,	'gyógyszer'),
(576,	'die',	'Melone',	'n',	'',	'',	'',	'nomen',	NULL,	'dinnye'),
(577,	'das',	'Messer',	'-',	'',	'',	'',	'nomen',	NULL,	'kés'),
(578,	'die',	'Milch',	'',	'',	'',	'',	'nomen',	NULL,	'tej'),
(579,	'',	'mildern',	'',	'milderte',	'h. gemildert',	'mildere|milderst|mildert|mildern|mildert sie/Sie mildern',	'verben',	NULL,	'enyhít, csillapít'),
(580,	'',	'mineralhaltig',	'',	'',	'',	'',	'adjektive',	NULL,	'ásványokban gazdag'),
(581,	'das',	'Mineralwasser',	'',	'',	'',	'',	'nomen',	NULL,	'ásványvíz'),
(582,	'der',	'Mitarbeiter',	'-',	'',	'',	'',	'nomen',	NULL,	'munkatárs, dolgozó'),
(583,	'die',	'Mitarbeiterin',	'nen',	'',	'',	'',	'nomen',	NULL,	'munkatársnõ'),
(584,	'der',	'Mitschüler',	'-',	'',	'',	'',	'nomen',	NULL,	'osztálytárs'),
(585,	'die',	'Mitschülerin',	'nen',	'',	'',	'',	'nomen',	NULL,	'osztálytársnõ'),
(586,	'der',	'Mittag',	'e',	'',	'',	'',	'nomen',	NULL,	'dél (napszak)'),
(587,	'das',	'Mittag',	'e',	'',	'',	'',	'nomen',	NULL,	'ebéd'),
(588,	'',	'mittelgroß',	'',	'',	'',	'',	'adjektive',	NULL,	'közepes méretû'),
(589,	'',	'mittelmäßig',	'',	'',	'',	'',	'adjektive',	NULL,	'átlagos, középszerû'),
(590,	'der',	'Mohn',	'e',	'',	'',	'',	'nomen',	NULL,	'mák'),
(591,	'die',	'Mohrrübe',	'n',	'',	'',	'',	'nomen',	NULL,	'sárgarépa, répa'),
(592,	'',	'mollig',	'',	'',	'',	'',	'adjektive',	NULL,	'dundi, molett'),
(593,	'',	'monoton',	'',	'',	'',	'',	'adjektive',	NULL,	'egyhangú'),
(594,	'der',	'Mund',	'Münder',	'',	'',	'',	'nomen',	NULL,	'száj'),
(595,	'das',	'Museum',	'Museen',	'',	'',	'',	'nomen',	NULL,	'múzeum'),
(596,	'die',	'Musik',	'',	'',	'',	'',	'nomen',	NULL,	'ének, zene'),
(597,	'',	'muskulös',	'',	'',	'',	'',	'adjektive',	NULL,	'izmos'),
(598,	'',	'mutig',	'',	'',	'',	'',	'adjektive',	NULL,	'bátor, merész'),
(599,	'das',	'Muttermal',	'e',	'',	'',	'',	'nomen',	NULL,	'anyajegy'),
(600,	'die',	'Muttersprache',	'',	'',	'',	'',	'nomen',	NULL,	'anyanyelv'),
(601,	'',	'mündlich',	'',	'',	'',	'',	'adjektive',	NULL,	'szóbeli'),
(602,	'',	'mütterlicherseits',	'',	'',	'',	'',	'adjektive',	NULL,	'anyai részrõl'),
(603,	'der',	'Nachbar',	'n',	'',	'',	'',	'nomen',	NULL,	'szomszéd (férfi)'),
(604,	'die',	'Nachbarin',	'nen',	'',	'',	'',	'nomen',	NULL,	'szomszéd (nõ)'),
(605,	'',	'nachlässig',	'',	'',	'',	'',	'adjektive',	NULL,	'hanyag'),
(606,	'der',	'Nachname',	'n',	'',	'',	'',	'nomen',	NULL,	'vezetéknév'),
(607,	'der',	'Nachspeise',	'n',	'',	'',	'',	'nomen',	NULL,	'utóétel, desszert'),
(608,	'der',	'Nachteil',	'e',	'',	'',	'',	'nomen',	NULL,	'hátrány, veszteség'),
(609,	'',	'nah',	'',	'',	'',	'',	'adjektive',	NULL,	'közeli'),
(610,	'der',	'Name',	'n',	'',	'',	'',	'nomen',	NULL,	'név'),
(611,	'der',	'Namenstag',	'e',	'',	'',	'',	'nomen',	NULL,	'névnap'),
(612,	'der',	'Namensvetter',	'',	'',	'',	'',	'nomen',	NULL,	'vérrokon'),
(613,	'',	'naschen',	'',	'naschte',	'h. genascht',	'nasche|nascht|nascht|naschen|nascht|naschen',	'verben',	NULL,	'nassolni'),
(614,	'die',	'Nase',	'n',	'',	'',	'',	'nomen',	NULL,	'orr'),
(615,	'die',	'Nationalität',	'',	'',	'',	'',	'nomen',	NULL,	'nemzetiség, állmpoltárság'),
(616,	'',	'naturkraus',	'',	'',	'',	'',	'adjektive',	NULL,	'természetes göndör'),
(617,	'der',	'Naturschutz',	'-',	'',	'',	'',	'nomen',	NULL,	'természetvédelem'),
(618,	'der',	'Neffe',	'n',	'',	'',	'',	'nomen',	NULL,	'unokaöccs'),
(619,	'',	'nehmen',	'',	'nahm',	'h. genommen',	'nehme|nimmst|nimmt|nehmen|nehmt|nehmen',	'verben',	3,	'fog, visz'),
(620,	'',	'nervös',	'',	'',	'',	'',	'adjektive',	NULL,	'ideges'),
(621,	'',	'nett',	'',	'',	'',	'',	'adjektive',	NULL,	'kedves, csinos'),
(622,	'',	'neugirig',	'',	'',	'',	'',	'adjektive',	NULL,	'kíváncsi'),
(623,	'das',	'Neujahr',	'e',	'',	'',	'',	'nomen',	NULL,	'újév'),
(624,	'die',	'Nichte',	'n',	'',	'',	'',	'nomen',	NULL,	'unokahúg'),
(625,	'',	'niedrig',	'',	'',	'',	'',	'adjektive',	NULL,	'alacsony'),
(626,	'der',	'Nikolaus',	'',	'',	'',	'',	'nomen',	NULL,	'mikulás'),
(627,	'der',	'Nikolaustag',	'e',	'',	'',	'',	'nomen',	NULL,	'mikulásnap'),
(628,	'',	'normal',	'',	'',	'',	'',	'adjektive',	NULL,	'normál'),
(629,	'die',	'Note',	'n',	'',	'',	'',	'nomen',	NULL,	'osztályzat, jegy'),
(630,	'',	'notieren',	'',	'notierte',	'h. notiert',	'notiere|notierst|notiert|notieren|notiert|notieren',	'verben',	NULL,	'feljegyez, megyjegyez'),
(631,	'die',	'Nudel',	'n',	'',	'',	'',	'nomen',	NULL,	'tészta, nudli'),
(632,	'die',	'Nummer',	'n',	'',	'',	'',	'nomen',	NULL,	'szám'),
(633,	'die',	'Nuss',	'Nüsse',	'',	'',	'',	'nomen',	NULL,	'dió'),
(634,	'',	'nüchtern',	'',	'',	'',	'',	'adjektive',	NULL,	'józan'),
(635,	'das',	'Obst',	'Obstarten',	'',	'',	'',	'nomen',	NULL,	'gyümölcs'),
(636,	'die',	'Obstplatte',	'n',	'',	'',	'',	'nomen',	NULL,	'gyümölcstál'),
(637,	'der',	'Obstsaft',	'Obstsäfe',	'',	'',	'',	'nomen',	NULL,	'gyümölcslé'),
(638,	'die',	'Obsttorte',	'n',	'',	'',	'',	'nomen',	NULL,	'gyümölcstorta'),
(639,	'',	'offen',	'',	'',	'',	'',	'adjektive',	NULL,	'nyitott'),
(640,	'das',	'Ohr',	'en',	'',	'',	'',	'nomen',	NULL,	'fül'),
(641,	'die',	'Oma',	's',	'',	'',	'',	'nomen',	NULL,	'nagymama (röviden)'),
(642,	'der',	'Onkel',	'-',	'',	'',	'',	'nomen',	NULL,	'nagybácsi'),
(643,	'der',	'Opa',	's',	'',	'',	'',	'nomen',	NULL,	'nagypapa (röviden)'),
(644,	'der',	'Optiker',	'-',	'',	'',	'',	'nomen',	NULL,	'optikus'),
(645,	'',	'optimistisch',	'',	'',	'',	'',	'adjektive',	NULL,	'optimista, bizakodó'),
(646,	'die',	'Orange',	'n',	'',	'',	'',	'nomen',	NULL,	'narancs'),
(647,	'',	'ordentlich',	'',	'',	'',	'',	'adjektive',	NULL,	'rendes'),
(648,	'',	'ordnungsliebend',	'',	'',	'',	'',	'adjektive',	NULL,	'rendes, rendszeretõ'),
(649,	'der',	'Oregano',	'',	'',	'',	'',	'nomen',	NULL,	'oregánó'),
(650,	'der',	'Ort',	'e',	'',	'',	'',	'nomen',	NULL,	'hely'),
(651,	'das',	'Osterei',	'er',	'',	'',	'',	'nomen',	NULL,	'húsvéti tojás'),
(652,	'der',	'Osterhase',	'n',	'',	'',	'',	'nomen',	NULL,	'húsvéti nyúl'),
(653,	'das',	'Ostern',	'',	'',	'',	'',	'nomen',	NULL,	'húsvét'),
(654,	'',	'oval',	'',	'',	'',	'',	'adjektive',	NULL,	'ovális'),
(655,	'der',	'Ökonom',	'en',	'',	'',	'',	'nomen',	NULL,	'közgazdász'),
(656,	'das',	'Öl',	'e',	'',	'',	'',	'nomen',	NULL,	'olaj'),
(657,	'der',	'Paprika',	'-',	'',	'',	'',	'nomen',	NULL,	'paprika'),
(658,	'der',	'Partner',	'Partner',	'',	'',	'',	'nomen',	NULL,	'partner'),
(659,	'die',	'Partnerin',	'nen',	'',	'',	'',	'nomen',	NULL,	'partnernõ'),
(660,	'die',	'Party',	's',	'',	'',	'',	'nomen',	NULL,	'buli, parti'),
(661,	'der',	'Pate',	'n',	'',	'',	'',	'nomen',	NULL,	'keresztapa'),
(662,	'das',	'Patekind',	'er',	'',	'',	'',	'nomen',	NULL,	'keresztgyermek'),
(663,	'die',	'Patin',	'nen',	'',	'',	'',	'nomen',	NULL,	'keresztanya'),
(664,	'das',	'Pausenbrot',	'e',	'',	'',	'',	'nomen',	NULL,	'tízórai'),
(665,	'',	'pedantisch',	'',	'',	'',	'',	'adjektive',	NULL,	'pedáns'),
(666,	'',	'pessimistisch',	'',	'',	'',	'',	'adjektive',	NULL,	'pesszimista, borúlátó'),
(667,	'das',	'Pfingsten',	'',	'',	'',	'',	'nomen',	NULL,	'pünkösd'),
(668,	'der',	'Pfirsich',	'e',	'',	'',	'',	'nomen',	NULL,	'õszibarack'),
(669,	'die',	'Pflaume',	'n',	'',	'',	'',	'nomen',	NULL,	'szilva'),
(670,	'die',	'Pflegeeltern',	'-',	'',	'',	'',	'nomen',	NULL,	'nevelõszülõk'),
(671,	'die',	'Pflegemutter',	'Pflegemütter',	'',	'',	'',	'nomen',	NULL,	'nevelõanya'),
(672,	'der',	'Pflegevater',	'Pflegeväter',	'',	'',	'',	'nomen',	NULL,	'nevelõapa'),
(673,	'die',	'Philosophie',	'n',	'',	'',	'',	'nomen',	NULL,	'filozófia'),
(674,	'die',	'Physik',	'',	'',	'',	'',	'nomen',	NULL,	'fizika'),
(675,	'der',	'Physiker',	'-',	'',	'',	'',	'nomen',	NULL,	'fizikus'),
(676,	'der',	'Pickel',	'-',	'',	'',	'',	'nomen',	NULL,	'pattanás'),
(677,	'das',	'Picknick',	's',	'',	'',	'',	'nomen',	NULL,	'piknik'),
(678,	'der',	'Pilot',	'en',	'',	'',	'',	'nomen',	NULL,	'pilota'),
(679,	'die',	'Platte',	'n',	'',	'',	'',	'nomen',	NULL,	'tál, lemez'),
(680,	'der',	'Plattfuß',	'Plattfüße',	'',	'',	'',	'nomen',	NULL,	'lúdtalp'),
(681,	'der',	'Platz',	'Plätze',	'',	'',	'',	'nomen',	NULL,	'tér, hely'),
(682,	'der',	'Polizist',	'en',	'',	'',	'',	'nomen',	NULL,	'rendõr'),
(683,	'der',	'Polterabend',	'e',	'',	'',	'',	'nomen',	NULL,	'leánybúcsú'),
(684,	'der',	'Pommes frites',	'',	'',	'',	'',	'nomen',	NULL,	'hasábburgonya, sütkrumpli'),
(685,	'der',	'Porree',	's',	'',	'',	'',	'nomen',	NULL,	'póréhagyma'),
(686,	'der',	'Postbeamte',	'n',	'',	'',	'',	'nomen',	NULL,	'postatisztviselõ'),
(687,	'die',	'Postleitzahl',	'en',	'',	'',	'',	'nomen',	NULL,	'irányítószám (postai)'),
(688,	'die',	'Prämie',	'n',	'',	'',	'',	'nomen',	NULL,	'prémium'),
(689,	'der',	'Priester',	'-',	'',	'',	'',	'nomen',	NULL,	'pap'),
(690,	'',	'prima',	'',	'',	'',	'',	'adjektive',	NULL,	'príma'),
(691,	'der',	'Programmierer',	'-',	'',	'',	'',	'nomen',	NULL,	'programozó'),
(692,	'die',	'Prüfung',	'en',	'',	'',	'',	'nomen',	NULL,	'vizsga'),
(693,	'die',	'Psychologie',	'n',	'',	'',	'',	'nomen',	1,	'pszihológia'),
(694,	'der',	'Pudding',	's',	'',	'',	'',	'nomen',	NULL,	'puding'),
(695,	'der',	'Radiergummi',	's',	'',	'',	'',	'nomen',	NULL,	'radír'),
(696,	'die',	'Radtour',	'en',	'',	'',	'',	'nomen',	NULL,	'kerékpártúra'),
(697,	'',	'rau',	'',	'',	'',	'',	'adjektive',	NULL,	'durva, érdes'),
(698,	'',	'realistisch',	'',	'',	'',	'',	'adjektive',	NULL,	'realista, gyakorlatias'),
(699,	'',	'redselig',	'',	'',	'',	'',	'adjektive',	NULL,	'beszédes, bõbeszédû'),
(700,	'',	'regelmäßig',	'',	'',	'',	'',	'adjektive',	NULL,	'rendszeres, szabályos'),
(701,	'der',	'Reis',	'',	'',	'',	'',	'nomen',	NULL,	'rizs'),
(702,	'',	'reisen',	'',	'reiste',	'i. gereist',	'reise|reist|reist|reisen|reist|reisen',	'verben',	47,	'utazik'),
(703,	'die',	'Rente',	'n',	'',	'',	'',	'nomen',	NULL,	'nyugdíj'),
(704,	'der',	'Reporter',	'-',	'',	'',	'',	'nomen',	NULL,	'riporter'),
(705,	'die',	'Reporterin',	'nen',	'',	'',	'',	'nomen',	NULL,	'riporternõ'),
(706,	'der',	'Rettich',	'e',	'',	'',	'',	'nomen',	NULL,	'retek'),
(707,	'die',	'Rezeption',	'en',	'',	'',	'',	'nomen',	NULL,	'recepció'),
(708,	'',	'richtig',	'',	'',	'',	'',	'adjektive',	4,	'helyes, rendes'),
(709,	'',	'risikofreudig',	'',	'',	'',	'',	'adjektive',	NULL,	'kockázatos'),
(710,	'',	'romantisch',	'',	'',	'',	'',	'adjektive',	NULL,	'romantikus'),
(711,	'',	'rosa',	'',	'',	'',	'',	'adjektive',	NULL,	'rózsaszín'),
(712,	'',	'rot',	'',	'',	'',	'',	'adjektive',	NULL,	'piros, vörös'),
(713,	'die',	'Röstkartoffeln',	'',	'',	'',	'',	'nomen',	NULL,	'sültkrumpli'),
(714,	'die',	'Rufnummer',	'',	'',	'',	'',	'nomen',	NULL,	'hívószám, telefonszám'),
(715,	'',	'ruhig',	'',	'',	'',	'',	'adjektive',	NULL,	'nyugodt'),
(716,	'',	'rund',	'',	'',	'',	'',	'adjektive',	1,	'kerek'),
(717,	'',	'rundlich',	'',	'',	'',	'',	'adjektive',	NULL,	'kerekded, gömbölyded'),
(718,	'',	'rühren',	'',	'rührte',	'h. gerührt',	'rühre|rührst|rührt|rühren|rührt|rühren',	'verben',	NULL,	'kever, mozgat'),
(719,	'',	'sachlich',	'',	'',	'',	'',	'adjektive',	NULL,	'tárgyilagos, objektív'),
(720,	'der',	'Salat',	'e',	'',	'',	'',	'nomen',	NULL,	'saláta'),
(721,	'',	'salzig',	'',	'',	'',	'',	'adjektive',	NULL,	'sós'),
(722,	'',	'sammeln',	'',	'sammelte',	'h. gesammelt',	'sammele|sammelst|sammelt|sammeln|sammelt|sammeln',	'verben',	NULL,	'gyûjteni'),
(723,	'',	'sanft',	'',	'',	'',	'',	'adjektive',	NULL,	'lágy, halvány'),
(724,	'der',	'Sänger',	'-',	'',	'',	'',	'nomen',	NULL,	'énekes'),
(725,	'die',	'Sängerin',	'nen',	'',	'',	'',	'nomen',	NULL,	'énekesnõ'),
(726,	'',	'sauer',	'',	'',	'',	'',	'adjektive',	NULL,	'savanyú'),
(727,	'der',	'Sauerampfer',	'-',	'',	'',	'',	'nomen',	NULL,	'sóska'),
(728,	'die',	'Sauerkirsche',	'n',	'',	'',	'',	'nomen',	NULL,	'meggy'),
(729,	'der',	'Säugling',	'e',	'',	'',	'',	'nomen',	NULL,	'csecsemõ'),
(730,	'die',	'Schale',	'n',	'',	'',	'',	'nomen',	NULL,	'tálka'),
(731,	'',	'schälen',	'',	'',	'',	'',	'verben',	NULL,	'meghámoz'),
(732,	'',	'scharf',	'',	'',	'',	'',	'adjektive',	NULL,	'erõs, csípõs'),
(733,	'',	'scharfsinnig',	'',	'',	'',	'',	'adjektive',	NULL,	'éles eszû'),
(734,	'der',	'Schauspieler',	'-',	'',	'',	'',	'nomen',	NULL,	'színész'),
(735,	'die',	'Schauspielerin',	'nen',	'',	'',	'',	'nomen',	NULL,	'színésznõ'),
(736,	'die',	'Scheidung',	'en',	'',	'',	'',	'nomen',	NULL,	'válás'),
(737,	'',	'scheu',	'',	'',	'',	'',	'adjektive',	NULL,	'félénk, bátortalan'),
(738,	'',	'schicken',	'',	'schickte',	'h. geschickt',	'schicke|schickst|schickt|schicken|schickt|schicken',	'verben',	NULL,	'küldeni'),
(739,	'',	'schief',	'',	'',	'',	'',	'adjektive',	NULL,	'ferde, téves'),
(740,	'der',	'Schinken',	'-',	'',	'',	'',	'nomen',	NULL,	'sonka'),
(741,	'',	'schlafen',	'',	'schlief',	'h. geschlafen',	'schlafe|schläfst|schläft|schlafen|schlaft|schlafen',	'verben',	2,	'alszik'),
(742,	'',	'schlagen',	'',	'schlug',	'h. geschlagen',	'schlage|schlägst|schlägt|schlagen|schlagt|schlagen',	'verben',	1,	'üt, rúg'),
(743,	'',	'schlampig',	'',	'',	'',	'',	'adjektive',	NULL,	'slampos, rendetlen'),
(744,	'',	'schlank',	'',	'',	'',	'',	'adjektive',	NULL,	'karcsú, sovány'),
(745,	'',	'schlecht',	'',	'',	'',	'',	'adjektive',	NULL,	'rossz, rosszul'),
(746,	'',	'schließen',	'',	'schloss',	'h. geschlossen',	'schließe|schließt|schließt|schließen|schließt|schließen',	'verben',	NULL,	'köt, bezár'),
(747,	'',	'schmackhaft',	'',	'',	'',	'',	'adjektive',	NULL,	'ízletes'),
(748,	'',	'schmal',	'',	'',	'',	'',	'adjektive',	NULL,	'szûk, keskeny'),
(749,	'',	'schmecken',	'',	'schmeckte',	'h. geschmeckt',	'schmecke|schmeckst|schmeckt|schmecken|schmeckt|schmecken',	'verben',	NULL,	'kóstol'),
(750,	'',	'schminken',	'',	'schminkte',	'h. geschminkt',	'schminke|schminkst|schminkt|schminken|schminkt|schminken',	'verben',	NULL,	'sminkelni'),
(751,	'',	'schmücken',	'',	'schmückte',	'h. geschmückt',	'schmücke|schmückst|schmückt|schmücken|schmückt|schmücken',	'verben',	NULL,	'díszít, ékesít'),
(752,	'der',	'Schnaps',	'Schnäpse',	'',	'',	'',	'nomen',	NULL,	'pálinka'),
(753,	'',	'schneiden',	'',	'schnitt',	'h. geschnitten',	'schneide|schneidest|schneidet|schneiden|schneidet|schneiden',	'verben',	NULL,	'vág, szel'),
(754,	'',	'schnell',	'',	'',	'',	'',	'adjektive',	NULL,	'gyors'),
(755,	'',	'schön',	'',	'',	'',	'',	'adjektive',	NULL,	'szép'),
(756,	'',	'schöpferisch',	'',	'',	'',	'',	'adjektive',	NULL,	'alkotó, teremtõ'),
(757,	'',	'schreiben',	'',	'schrieb',	'h. geschrieben',	'schreibe|schreibst|schreibt|schreiben|schreibt|schreiben',	'verben',	3,	'írni'),
(758,	'',	'schriftlich',	'',	'',	'',	'',	'adjektive',	NULL,	'írásbeli'),
(759,	'der',	'Schuhmacher',	'-',	'',	'',	'',	'nomen',	NULL,	'cipész'),
(760,	'der',	'Schulabschluss',	'Schulabschlüsse',	'',	'',	'',	'nomen',	NULL,	'iskolai végzettség'),
(761,	'die',	'Schulbank',	'Schulbänke',	'',	'',	'',	'nomen',	NULL,	'iskolapad'),
(762,	'die',	'Schulbildung',	'en',	'',	'',	'',	'nomen',	NULL,	'iskolai képzettség'),
(763,	'der',	'Schuldirektor',	'en',	'',	'',	'',	'nomen',	NULL,	'igazgató'),
(764,	'die',	'Schuldirektorin',	'nen',	'',	'',	'',	'nomen',	NULL,	'igazgatónõ'),
(765,	'die',	'Schule',	'n',	'',	'',	'',	'nomen',	95,	'iskola'),
(766,	'das',	'Schuljahr',	'e',	'',	'',	'',	'nomen',	NULL,	'tanév'),
(767,	'der',	'Schulkamerad',	'en',	'',	'',	'',	'nomen',	NULL,	'iskolatárs'),
(768,	'der',	'Schulleiter',	'-',	'',	'',	'',	'nomen',	NULL,	'iskola vezetõ (férfi)'),
(769,	'die',	'Schulleiterin',	'nen',	'',	'',	'',	'nomen',	NULL,	'iskola vezetõ (nõ)'),
(770,	'die',	'Schulleitung',	'en',	'',	'',	'',	'nomen',	NULL,	'iskola vezetés'),
(771,	'die',	'Schulpflicht',	'en',	'',	'',	'',	'nomen',	NULL,	'tankötelezettség'),
(772,	'',	'schüchtern',	'',	'',	'',	'',	'adjektive',	NULL,	'félénk, bátortalan'),
(773,	'der',	'Schüler',	'-',	'',	'',	'',	'nomen',	1,	'tanuló'),
(774,	'die',	'Schülerin',	'nen',	'',	'',	'',	'nomen',	NULL,	'tanulólány'),
(775,	'die',	'Schüssel',	'n',	'',	'',	'',	'nomen',	NULL,	'tál'),
(776,	'',	'schwach',	'',	'',	'',	'',	'adjektive',	NULL,	'gyenge, erõtlen'),
(777,	'',	'schwachsinnig',	'',	'',	'',	'',	'adjektive',	NULL,	'gyengeelméjû, elmebajos, féleszû'),
(778,	'der',	'Schwamm',	'Schwämme',	'',	'',	'',	'nomen',	NULL,	'szivacs'),
(779,	'',	'schwarz',	'',	'',	'',	'',	'adjektive',	1,	'fekete'),
(780,	'',	'schweigsam',	'',	'',	'',	'',	'adjektive',	NULL,	'szótlan, hallgatag'),
(781,	'der',	'Schweinebraten',	'-',	'',	'',	'',	'nomen',	NULL,	'sertéssült'),
(782,	'die',	'Schwelle',	'n',	'',	'',	'',	'nomen',	NULL,	'küszöb'),
(783,	'die',	'Schwester',	'n',	'',	'',	'',	'nomen',	NULL,	'lánytesetvér'),
(784,	'die',	'Schwiegermutter',	'Schwiegermütter',	'',	'',	'',	'nomen',	NULL,	'anyós'),
(785,	'der',	'Schwiegersohn',	'Schwiegersöhne',	'',	'',	'',	'nomen',	NULL,	'võ'),
(786,	'die',	'Schwiegertochter',	'Schwiegertöchter',	'',	'',	'',	'nomen',	NULL,	'meny'),
(787,	'der',	'Schwiegervater',	'Schwiegerväter',	'',	'',	'',	'nomen',	NULL,	'após'),
(788,	'',	'schwierig',	'',	'',	'',	'',	'adjektive',	NULL,	'fáradságos, bonyolult'),
(789,	'',	'schwungvoll',	'',	'',	'',	'',	'adjektive',	NULL,	'lendületes'),
(790,	'',	'sehen',	'',	'sah',	'h. gesehen',	'sehe|siehst|sieht|sehen|seht|sehen',	'verben',	1,	'néz, lát'),
(791,	'',	'sein',	'',	'war',	'i. gewesen',	'bin|bist|ist|sind|seid|sind',	'verben',	45,	'van, létezik'),
(792,	'die',	'Sekretariat',	'e',	'',	'',	'',	'nomen',	NULL,	'titkárság'),
(793,	'der',	'Sekt',	'e',	'',	'',	'',	'nomen',	NULL,	'pezsgõ'),
(794,	'',	'selbstsicher',	'',	'',	'',	'',	'adjektive',	NULL,	'magabiztos'),
(795,	'der',	'Sellerie',	'-',	'',	'',	'',	'nomen',	NULL,	'zeller'),
(796,	'der',	'Senf',	'e',	'',	'',	'',	'nomen',	NULL,	'mustár'),
(797,	'die',	'Serviette',	'n',	'',	'',	'',	'nomen',	NULL,	'szalvéta'),
(798,	'',	'setzen',	'',	'setzte',	'h. gesetzt',	'setze|setzt|setzt|setzen|setzt|setzen',	'verben',	NULL,	'ül'),
(799,	'',	'shulterlang',	'',	'',	'',	'',	'adjektive',	NULL,	'vállig érõ'),
(800,	'die',	'Sicherheit',	'en',	'',	'',	'',	'nomen',	NULL,	'biztonság'),
(801,	'',	'silbern',	'',	'',	'',	'',	'adjektive',	NULL,	'ezüst'),
(802,	'das',	'Silvester',	'',	'',	'',	'',	'nomen',	NULL,	'szilveszter'),
(803,	'der',	'Single',	's',	'',	'',	'',	'nomen',	NULL,	'egyedül élõ, szingli'),
(804,	'',	'sinnlich',	'',	'',	'',	'',	'adjektive',	NULL,	'érzéki'),
(805,	'',	'skeptisch',	'',	'',	'',	'',	'adjektive',	NULL,	'szkeptikus, kételkedõ'),
(806,	'der',	'Sohn',	'Söhne',	'',	'',	'',	'nomen',	NULL,	'fia'),
(807,	'die',	'Sommersprosse',	'n',	'',	'',	'',	'nomen',	NULL,	'szeplõ'),
(808,	'',	'sonnig',	'',	'',	'',	'',	'adjektive',	NULL,	'derûs, napos'),
(809,	'',	'sonstig',	'',	'',	'',	'',	'adjektive',	NULL,	'egyébként, különben'),
(810,	'die',	'Sorge',	'en',	'',	'',	'',	'nomen',	NULL,	'gondoskodás, aggódás'),
(811,	'',	'sorgen',	'',	'sorgte',	'h. gesorgt',	'sorge|sorgst|sorgt|sorgen|sorgt|sorgen',	'verben',	1,	'gondoskodik'),
(812,	'die',	'Sozialkunde',	'',	'',	'',	'',	'nomen',	NULL,	'társadalomismeret'),
(813,	'der',	'Spargel',	'-',	'',	'',	'',	'nomen',	NULL,	'spárga'),
(814,	'',	'spärlich',	'',	'',	'',	'',	'adjektive',	NULL,	'gyér, ritka'),
(815,	'',	'sparsam',	'',	'',	'',	'',	'adjektive',	NULL,	'takarékos'),
(816,	'',	'spät',	'',	'',	'',	'',	'adjektive',	NULL,	'késõ'),
(817,	'die',	'Speise',	'n',	'',	'',	'',	'nomen',	NULL,	'étel, élelem'),
(818,	'der',	'Speiseshalle',	'Speiseshalle',	'',	'',	'',	'nomen',	NULL,	'ebédlõ'),
(819,	'die',	'Speisewürze',	'n',	'',	'',	'',	'nomen',	NULL,	'ételízesítõ'),
(820,	'',	'spielen',	'',	'spielte',	'h. gespielt',	'spiele|spielst|spielt|spielen|spielt|spielen',	'verben',	1,	'játszik'),
(821,	'der',	'Spinat',	'',	'',	'',	'',	'nomen',	NULL,	'spenót'),
(822,	'',	'spitz',	'',	'',	'',	'',	'adjektive',	NULL,	'hegyes, csúcsos'),
(823,	'der',	'Spitzname',	'n',	'',	'',	'',	'nomen',	NULL,	'gúnynév'),
(824,	'der',	'Sport',	's',	'',	'',	'',	'nomen',	1,	'sport'),
(825,	'der',	'Sport',	'Sportarten',	'',	'',	'',	'nomen',	1,	'tesi, sport'),
(826,	'die',	'Sporthalle',	'n',	'',	'',	'',	'nomen',	NULL,	'sportcsarnok'),
(827,	'',	'sportlich',	'',	'',	'',	'',	'adjektive',	NULL,	'sportos'),
(828,	'',	'sprachen',	'',	'sprach',	'h. gesprochen',	'spreche|sprichst|spricht|sprechen|sprecht|sprechen',	'verben',	1,	'beszél'),
(829,	'das',	'Sprachlabor',	's',	'',	'',	'',	'nomen',	NULL,	'nyelvi terem'),
(830,	'die',	'Sprachprüfung',	'',	'',	'',	'',	'nomen',	NULL,	'nyelvvizsga'),
(831,	'die',	'Staatsangehörigkeit',	'',	'',	'',	'',	'nomen',	NULL,	'álllampolgárság'),
(832,	'die',	'Staatsbürgerschaft',	'',	'',	'',	'',	'nomen',	NULL,	'álllampolgárság'),
(833,	'die',	'Stachelbeere',	'n',	'',	'',	'',	'nomen',	NULL,	'egres'),
(834,	'die',	'Stadt',	'Städte',	'',	'',	'',	'nomen',	3,	'város'),
(835,	'',	'stammen',	'',	'stammte',	'h. gestammt',	'stamme|stammst|stammt|stammen|stammt|stammen',	'verben',	NULL,	'származni'),
(836,	'',	'standesamtlich',	'',	'',	'',	'',	'adjektive',	NULL,	'polgári'),
(837,	'',	'stark',	'',	'',	'',	'',	'adjektive',	NULL,	'erõs'),
(838,	'',	'stattlich',	'',	'',	'',	'',	'adjektive',	NULL,	'daliás, délceg'),
(839,	'die',	'Steckrübe',	'n',	'',	'',	'',	'nomen',	NULL,	'fehérrépa'),
(840,	'die',	'Stelle',	'n',	'',	'',	'',	'nomen',	NULL,	'állás, hely'),
(841,	'die',	'Stewardess',	'en',	'',	'',	'',	'nomen',	NULL,	'légiutaskísérõ'),
(842,	'die',	'Stiefeltern',	'-',	'',	'',	'',	'nomen',	NULL,	'mostohaszülõk'),
(843,	'die',	'Stiefmutter',	'Stiefmütter',	'',	'',	'',	'nomen',	NULL,	'mostohaanya'),
(844,	'der',	'Stiefvater',	'Stiefväter',	'',	'',	'',	'nomen',	NULL,	'mostohaapa'),
(845,	'',	'still',	'',	'',	'',	'',	'adjektive',	NULL,	'csendes, nyugodt'),
(846,	'',	'stockdumm',	'',	'',	'',	'',	'adjektive',	NULL,	'tökkelütött'),
(847,	'',	'straff',	'',	'',	'',	'',	'adjektive',	NULL,	'feszes'),
(848,	'',	'strahlend',	'',	'',	'',	'',	'adjektive',	NULL,	'fénylõ, ragyogó'),
(849,	'der',	'Straps',	'e',	'',	'',	'',	'nomen',	NULL,	'harisnyatartó'),
(850,	'die',	'Straße',	'n',	'',	'',	'',	'nomen',	NULL,	'utca'),
(851,	'',	'streitsüchtig',	'',	'',	'',	'',	'adjektive',	NULL,	'veszekedõs, kötekedõ'),
(852,	'',	'streng',	'',	'',	'',	'',	'adjektive',	NULL,	'következetes'),
(853,	'',	'studieren',	'',	'studierte',	'h. studiert',	'studiere|studierst|studiert|studieren|studiert|studieren',	'verben',	NULL,	'tanul (felsõbb képzésben)'),
(854,	'das',	'Studium',	'Studien',	'',	'',	'',	'nomen',	NULL,	'tanulmány (felsõfokú)'),
(855,	'die',	'Stumpfnase',	'n',	'',	'',	'',	'nomen',	NULL,	'pisze orr'),
(856,	'',	'stumpfsinnig',	'',	'',	'',	'',	'adjektive',	NULL,	'buta, korlátolt, tompa'),
(857,	'die',	'Stunde',	'n',	'',	'',	'',	'nomen',	NULL,	'órarend'),
(858,	'der',	'Stundenplan',	'Stundenpläne',	'',	'',	'',	'nomen',	NULL,	'órarend'),
(859,	'',	'suchen',	'',	'suchte',	'h. gesucht',	'suche|suchst|sucht|suchen|sucht|suchen',	'verben',	NULL,	'keresni'),
(860,	'die',	'Suppe',	'n',	'',	'',	'',	'nomen',	NULL,	'leves'),
(861,	'',	'surfen',	'',	'surfte ',	'h. gesurft ',	'surfe|surfst|surft|surfen|surft|surfen',	'verben',	NULL,	'szörfözni'),
(862,	'',	'süß',	'',	'',	'',	'',	'adjektive',	NULL,	'édes'),
(863,	'die',	'Süßigkeit',	'en',	'',	'',	'',	'nomen',	NULL,	'édesség'),
(864,	'die',	'Tafel',	'n',	'',	'',	'',	'nomen',	NULL,	'tábla'),
(865,	'der',	'Tag',	'e',	'',	'',	'',	'nomen',	5,	'nap'),
(866,	'der',	'Tagesablauf',	'-',	'',	'',	'',	'nomen',	NULL,	'napirend'),
(867,	'die',	'Tante',	'n',	'',	'',	'',	'nomen',	NULL,	'nagynéni'),
(868,	'',	'tapfer',	'',	'',	'',	'',	'adjektive',	NULL,	'derék, bátor'),
(869,	'der',	'Taschenrechner',	'-',	'',	'',	'',	'nomen',	NULL,	'számológép'),
(870,	'die',	'Tasse',	'n',	'',	'',	'',	'nomen',	NULL,	'csésze'),
(871,	'die',	'Tätigkeit',	'en',	'',	'',	'',	'nomen',	NULL,	'tevékenység'),
(872,	'die',	'Taufe',	'n',	'',	'',	'',	'nomen',	NULL,	'keresztelés'),
(873,	'der',	'Tee',	's',	'',	'',	'',	'nomen',	NULL,	'tea'),
(874,	'die',	'Telefonnummber',	'n',	'',	'',	'',	'nomen',	NULL,	'telefonszám'),
(875,	'der',	'Teller',	'-',	'',	'',	'',	'nomen',	NULL,	'tányér'),
(876,	'das',	'Temperament',	'e',	'',	'',	'',	'nomen',	NULL,	'temperamentum'),
(877,	'',	'temperamentvoll',	'',	'',	'',	'',	'adjektive',	NULL,	'temperamentumos'),
(878,	'das',	'Theater',	'-',	'',	'',	'',	'nomen',	NULL,	'színház'),
(879,	'',	'tief',	'',	'',	'',	'',	'adjektive',	NULL,	'mély, alacsony'),
(880,	'das',	'Tier',	'e',	'',	'',	'',	'nomen',	NULL,	'állat'),
(881,	'die',	'Tischdecke',	'n',	'',	'',	'',	'nomen',	NULL,	'asztalterítõ'),
(882,	'der',	'Tischler',	'-',	'',	'',	'',	'nomen',	NULL,	'asztalos'),
(883,	'das',	'Tischtuch',	'Tischtücher',	'',	'',	'',	'nomen',	NULL,	'papír zsebkendõ'),
(884,	'die',	'Tochter',	'Töchter',	'',	'',	'',	'nomen',	NULL,	'lánya'),
(885,	'',	'toll',	'',	'',	'',	'',	'adjektive',	NULL,	'príma, klassz, szuper'),
(886,	'',	'tollkühn',	'',	'',	'',	'',	'adjektive',	NULL,	'vakmerõ'),
(887,	'die',	'Tomate',	'n',	'',	'',	'',	'nomen',	NULL,	'paradicsom'),
(888,	'die',	'Torte',	'n',	'',	'',	'',	'nomen',	NULL,	'torta'),
(889,	'',	'traditionell',	'',	'',	'',	'',	'adjektive',	NULL,	'hagyományos'),
(890,	'die',	'Traube',	'n',	'',	'',	'',	'nomen',	NULL,	'szõlõ'),
(891,	'',	'trauen',	'',	'traute',	'h. getraut',	'traue|traust|traut|trauen|traut|trauen',	'verben',	NULL,	'megbízni'),
(892,	'',	'träumerisch',	'',	'',	'',	'',	'adjektive',	NULL,	'álmodozó'),
(893,	'',	'traurig',	'',	'',	'',	'',	'adjektive',	NULL,	'szomorú, bús'),
(894,	'die',	'Trauung',	'en',	'',	'',	'',	'nomen',	NULL,	'házasságkötés, esküvõ'),
(895,	'der',	'Trauzeuge',	'n',	'',	'',	'',	'nomen',	NULL,	'tanú hn. (esküvõi)'),
(896,	'die',	'Trauzeugin',	'nen',	'',	'',	'',	'nomen',	NULL,	'tanú nn. (esküvõi)'),
(897,	'',	'treiben',	'',	'trieb',	'h. getrieben',	'treibe|treibst|treibt|treiben|treibt|treiben',	'verben',	NULL,	'ûz, hajt, csinál'),
(898,	'',	'treu',	'',	'',	'',	'',	'adjektive',	NULL,	'hû'),
(899,	'',	'trinken',	'',	'trank',	'h. getrunken',	'trinke|trinkst|trinkt|trinken|trinkt|trinken',	'verben',	NULL,	'inni'),
(900,	'',	'trocken',	'',	'',	'',	'',	'adjektive',	NULL,	'száraz'),
(901,	'',	'trübsinnig',	'',	'',	'',	'',	'adjektive',	NULL,	'búskomor'),
(902,	'die',	'Turnhalle',	'n',	'',	'',	'',	'nomen',	NULL,	'tornaterem'),
(903,	'die',	'Uhr',	'en',	'',	'',	'',	'nomen',	1,	'óra'),
(904,	'der',	'Uhrmacher',	'-',	'',	'',	'',	'nomen',	NULL,	'órás'),
(905,	'',	'umfangreich',	'',	'',	'',	'',	'adjektive',	NULL,	'terjedelmes'),
(906,	'die',	'Umschulung',	'en',	'',	'',	'',	'nomen',	NULL,	'átképzés'),
(907,	'der',	'Umweltschutz',	'-',	'',	'',	'',	'nomen',	NULL,	'környezetvédelem'),
(908,	'',	'unehrlich',	'',	'',	'',	'',	'adjektive',	NULL,	'becstelen, tisztességtelen'),
(909,	'',	'unfreundlich',	'',	'',	'',	'',	'adjektive',	NULL,	'barátságtalan'),
(910,	'',	'ungeduldig',	'',	'',	'',	'',	'adjektive',	NULL,	'türelmetlen'),
(911,	'',	'ungepflegt',	'',	'',	'',	'',	'adjektive',	NULL,	'ápolatlan'),
(912,	'',	'ungerecht',	'',	'',	'',	'',	'adjektive',	NULL,	'igazságtalan, jogtalan'),
(913,	'',	'unintelligent',	'',	'',	'',	'',	'adjektive',	NULL,	'unintelligens'),
(914,	'die',	'Universität',	'en',	'',	'',	'',	'nomen',	NULL,	'egyetem'),
(915,	'',	'unordentlich',	'',	'',	'',	'',	'adjektive',	NULL,	'rendetlen'),
(916,	'',	'unruhig',	'',	'',	'',	'',	'adjektive',	NULL,	'nyugtalan'),
(917,	'das',	'Unternehmen',	'-',	'',	'',	'',	'nomen',	NULL,	'vállalkozás'),
(918,	'',	'unternehmen',	'',	'unternahm',	'h. unternommen',	'unternehme|unternimmst|unternimmt|unternehmen|unternehmt|unternehmen',	'verben',	NULL,	'vállal, megtesz'),
(919,	'',	'unternehmungsfreudig',	'',	'',	'',	'',	'adjektive',	NULL,	'vállalkozó szellemû'),
(920,	'',	'unterrichten',	'',	'unterrichtete',	'h. unterrichtet',	'unterrichte|unterrichtest|unterrichtet|unterrichten|unterrichtet|unterrichten',	'verben',	NULL,	'tanít'),
(921,	'',	'untersetzt',	'',	'',	'',	'',	'adjektive',	NULL,	'zömök, köpcös'),
(922,	'',	'unvorteilhaft',	'',	'',	'',	'',	'adjektive',	NULL,	'elõnytelen'),
(923,	'',	'unzuverlässig',	'',	'',	'',	'',	'adjektive',	NULL,	'megbízhatatlan, kétes'),
(924,	'',	'überklug',	'',	'',	'',	'',	'adjektive',	NULL,	'tudálékos'),
(925,	'die',	'Valediktion',	'',	'',	'',	'',	'nomen',	NULL,	'ballagás'),
(926,	'die',	'Vanille',	'n',	'',	'',	'',	'nomen',	NULL,	'vanília'),
(927,	'',	'väterlicherseits',	'',	'',	'',	'',	'adjektive',	NULL,	'apai részrõl'),
(928,	'',	'veranstalten',	'',	'veranstaltete',	'h. veranstaltet',	'veranstalte|veranstaltest|veranstaltet wir veranstalten|veranstaltet|veranstalten',	'verben',	NULL,	'szervez, megrendez'),
(929,	'',	'verbrannt',	'',	'',	'',	'',	'adjektive',	NULL,	'égett'),
(930,	'',	'verdienen',	'',	'verdiente',	'h. verdient',	'verdiene|verdienst|verdient|verdienen|verdient|verdienen',	'verben',	NULL,	'keres (pénzt)'),
(931,	'der',	'Verdienst',	'',	'',	'',	'',	'nomen',	NULL,	'kereset'),
(932,	'der',	'Verkäufer',	'-',	'',	'',	'',	'nomen',	NULL,	'eladó'),
(933,	'die',	'Verkäuferin',	'nen',	'',	'',	'',	'nomen',	NULL,	'eladónõ'),
(934,	'',	'verlieben',	'',	'verliebte',	'h. verliebt',	'verliebe|verliebst|verliebt|verlieben|verliebt|verlieben',	'verben',	NULL,	'szerelmes lesz, beleszeret vkibe'),
(935,	'',	'verlieren',	'',	'verlor',	'h. verloren',	'verliere|verlierst|verliert|verlieren|verliert|verlieren',	'verben',	NULL,	'elveszt, elhagy'),
(936,	'die',	'Verlobung',	'en',	'',	'',	'',	'nomen',	NULL,	'eljegyzés'),
(937,	'',	'verlogen',	'',	'',	'',	'',	'adjektive',	NULL,	'csaló, hazudozó, hazug'),
(938,	'',	'vermählen',	'',	'vermählte',	'h. vermählt',	'vermähle|vermählst|vermählt|vermählen|vermählt|vermählen',	'verben',	NULL,	'egyesít, férjhez ad'),
(939,	'',	'vernachlässigt',	'',	'',	'',	'',	'adjektive',	NULL,	'elhanyagolt'),
(940,	'',	'vernünftig',	'',	'',	'',	'',	'adjektive',	NULL,	'eszes, értelmes'),
(941,	'',	'verschwenderisch',	'',	'',	'',	'',	'adjektive',	NULL,	'pazarló, költekezõ'),
(942,	'',	'versorgen',	'',	'versorgte',	'h. versorgt',	'versorge|versorgst|versorgt|versorgen|versorgt|versorgen',	'verben',	NULL,	'ellát, gondoskodik'),
(943,	'',	'verständnisvoll',	'',	'',	'',	'',	'adjektive',	NULL,	'megértõ, együttérzõ'),
(944,	'',	'verstecken',	'',	'versteckte',	'h. versteckt',	'verstecke|versteckst|versteckt|verstecken|versteckt|verstecken',	'verben',	NULL,	'elrejt'),
(945,	'der',	'Verwandte',	'n',	'',	'',	'',	'nomen',	NULL,	'rokon'),
(946,	'',	'verwitwet',	'',	'',	'',	'',	'adjektive',	NULL,	'özvegy'),
(947,	'',	'verwöhnen',	'',	'verwöhnte',	'h. verwöhnt',	'verwöhne|verwöhnst|verwöhnt|verwöhnen|verwöhnt|verwöhnen',	'verben',	NULL,	'elkényeztet'),
(948,	'',	'verzogen',	'',	'',	'',	'',	'adjektive',	NULL,	'elkényeztetett'),
(949,	'',	'viel',	'',	'',	'',	'',	'adjektive',	3,	'sok'),
(950,	'',	'voll',	'',	'',	'',	'',	'adjektive',	1,	'tele, telt'),
(951,	'das',	'Vollkornbrot',	'e',	'',	'',	'',	'nomen',	NULL,	'teljes kiörlésû kenyér'),
(952,	'',	'vollschlank',	'',	'',	'',	'',	'adjektive',	NULL,	'teltkarcsú'),
(953,	'die',	'Vorhalle',	'n',	'',	'',	'',	'nomen',	NULL,	'elõcsarnok'),
(954,	'der',	'Vorname',	'n',	'',	'',	'',	'nomen',	NULL,	'keresztnév'),
(955,	'',	'vorsichtig',	'',	'',	'',	'',	'adjektive',	NULL,	'óvatos, elõvigyázatos'),
(956,	'die',	'Vorspeise',	'n',	'',	'',	'',	'nomen',	NULL,	'elõétel'),
(957,	'',	'vorstehend',	'',	'',	'',	'',	'adjektive',	NULL,	'kiálló'),
(958,	'der',	'Vorteil',	'e',	'',	'',	'',	'nomen',	NULL,	'elõny, haszon'),
(959,	'die',	'Vorwahl',	'en',	'',	'',	'',	'nomen',	NULL,	'országhívó'),
(960,	'der',	'Vorzug',	'Vorzüge',	'',	'',	'',	'nomen',	NULL,	'elõny'),
(961,	'',	'wagemutig',	'',	'',	'',	'',	'adjektive',	NULL,	'merész, vakmerõ'),
(962,	'der',	'Waise',	'n',	'',	'',	'',	'nomen',	NULL,	'árva'),
(963,	'die',	'Wanderung',	'en',	'',	'',	'',	'nomen',	NULL,	'kirándulás, gyalogtúra'),
(964,	'',	'warm',	'',	'',	'',	'',	'adjektive',	NULL,	'meleg'),
(965,	'',	'waschen',	'',	'wusch',	'h. gewaschen',	'wasche|wäschst|wäscht|waschen|wascht|waschen',	'verben',	NULL,	'mos'),
(966,	'',	'wechseln',	'',	'wechselte',	'h. gewechselt',	'wechsele|wechselst|wechselt|wechseln|wechselt|wechseln',	'verben',	NULL,	'cserél, változtat, változik'),
(967,	'',	'weich',	'',	'',	'',	'',	'adjektive',	NULL,	'puha, lágy'),
(968,	'das',	'Weihnachten',	'-',	'',	'',	'',	'nomen',	NULL,	'karácsony'),
(969,	'der',	'Weihnachtsabend',	'e',	'',	'',	'',	'nomen',	NULL,	'karácsony este'),
(970,	'der',	'Weihnachtsbaum',	'Weihnachtsbäume',	'',	'',	'',	'nomen',	NULL,	'karácsonyfa'),
(971,	'das',	'Weihnachtsgeschenk',	'e',	'',	'',	'',	'nomen',	NULL,	'karácsonyi ajaándék'),
(972,	'der',	'Weihnachtsmarkt',	'Weihnachtsmärkte',	'',	'',	'',	'nomen',	NULL,	'karácsonyi vásár'),
(973,	'die',	'Weihnachtsnacht',	'',	'',	'',	'',	'nomen',	NULL,	'karácsony este'),
(974,	'der',	'Wein',	'e',	'',	'',	'',	'nomen',	NULL,	'bor'),
(975,	'',	'weise',	'',	'',	'',	'',	'adjektive',	NULL,	'bölcs'),
(976,	'',	'weiß',	'',	'',	'',	'',	'adjektive',	NULL,	'fehér'),
(977,	'',	'weiterbilden',	'',	'bildete weiter',	'h. weitergebildet',	'bilde weiter|bildest weiter|bildet weiter|bilden weiter|bildet weiter|bilden weiter',	'verben',	NULL,	'továbbképez'),
(978,	'die',	'Weiterbildung',	'en',	'',	'',	'',	'nomen',	NULL,	'továbbképzés'),
(979,	'',	'weitläufig',	'',	'',	'',	'',	'adjektive',	NULL,	'tágas'),
(980,	'',	'welk',	'',	'',	'',	'',	'adjektive',	NULL,	'petyhüdt, löttyedt'),
(981,	'',	'wellig',	'',	'',	'',	'',	'adjektive',	NULL,	'hullámos'),
(982,	'die',	'Welt',	'en',	'',	'',	'',	'nomen',	NULL,	'világ'),
(983,	'',	'wenden',	'',	'wandte',	'h. gewandt',	'wende|wendest|wendet|wenden|wendet|wenden',	'verben',	NULL,	'elfordít, megforgat'),
(984,	'',	'wenig',	'',	'',	'',	'',	'adjektive',	1,	'kevés'),
(985,	'',	'werden',	'',	'wurde',	'i. geworden',	'werde|wirst|wird|werden|werdet|werden',	'verben',	5,	'lesz'),
(986,	'',	'witzig',	'',	'',	'',	'',	'adjektive',	NULL,	'vicces, szellemes'),
(987,	'das',	'Wochenende',	'n',	'',	'',	'',	'nomen',	5,	'hétvége'),
(988,	'der',	'Wohnort',	'e',	'',	'',	'',	'nomen',	NULL,	'lakhely'),
(989,	'das',	'Wort',	'Wörter',	'',	'',	'',	'nomen',	NULL,	'szó'),
(990,	'',	'wortkarg',	'',	'',	'',	'',	'adjektive',	NULL,	'szófukar, szûkszavú'),
(991,	'die',	'Wurst',	'Würste',	'',	'',	'',	'nomen',	1,	'hurka, kolbász'),
(992,	'',	'würzen',	'',	'würzte',	'h. gewürzt',	'würze|würzt|würzt|würzen|würzt|würzen',	'verben',	NULL,	'fûszerez'),
(993,	'',	'würzig',	'',	'',	'',	'',	'adjektive',	NULL,	'fûszeres'),
(994,	'',	'zäh',	'',	'',	'',	'',	'adjektive',	NULL,	'rágós'),
(995,	'der',	'Zahn',	'Zähne',	'',	'',	'',	'nomen',	NULL,	'fog'),
(996,	'der',	'Zahnersatz',	'Zahnersätze',	'',	'',	'',	'nomen',	NULL,	'fogpótlás'),
(997,	'',	'zart',	'',	'',	'',	'',	'adjektive',	NULL,	'gyenge, törékeny, enyhe, finom'),
(998,	'',	'zeitig',	'',	'',	'',	'',	'adjektive',	NULL,	'idejében, jókor'),
(999,	'das',	'Zeugnis',	'se',	'',	'',	'',	'nomen',	NULL,	'bizonyítvány'),
(1000,	'',	'zierlich',	'',	'',	'',	'',	'adjektive',	NULL,	'kecses'),
(1001,	'der',	'Zimmermann',	'Zimmermänner',	'',	'',	'',	'nomen',	NULL,	'asztalos, ács'),
(1002,	'der',	'Zimt',	'e',	'',	'',	'',	'nomen',	NULL,	'fahéj'),
(1003,	'der',	'Zirkel',	'-',	'',	'',	'',	'nomen',	NULL,	'körzõ'),
(1004,	'die',	'Zitrone',	'n',	'',	'',	'',	'nomen',	NULL,	'citrom'),
(1005,	'',	'zubereiten',	'',	'',	'',	'',	'verben',	NULL,	'elkészít, elõkészít'),
(1006,	'der',	'Zucker',	'-',	'',	'',	'',	'nomen',	NULL,	'cukor'),
(1007,	'',	'zufrieden',	'',	'',	'',	'',	'adjektive',	NULL,	'elégedett'),
(1008,	'die',	'Zukunft',	'',	'',	'',	'',	'nomen',	NULL,	'jövõ'),
(1009,	'der',	'Zuname',	'n',	'',	'',	'',	'nomen',	NULL,	'vezetéknév'),
(1010,	'',	'zurückhaltend',	'',	'',	'',	'',	'adjektive',	NULL,	'tartózkodó'),
(1011,	'',	'zuverlässig',	'',	'',	'',	'',	'adjektive',	NULL,	'megbízható'),
(1012,	'',	'zuvorkommend',	'',	'',	'',	'',	'adjektive',	NULL,	'elõzékeny, szolgálatkész'),
(1013,	'die',	'Zwiebel',	'n',	'',	'',	'',	'nomen',	NULL,	'hagyma'),
(1014,	'der',	'Zwilling',	'e',	'',	'',	'',	'nomen',	NULL,	'ikrek');

DROP TABLE IF EXISTS `words_guessed_well_rate`;
CREATE TABLE `words_guessed_well_rate` (
  `id` int(11) NOT NULL AUTO_INCREMENT,
  `word_id` int(11) NOT NULL,
  `guessed_well_number` int(11) NOT NULL,
  `all_incidence_number` int(11) NOT NULL,
  `user_id` int(11) NOT NULL,
  `last_incidence` datetime NOT NULL,
  PRIMARY KEY (`id`)
) ENGINE=InnoDB DEFAULT CHARSET=utf8;

-- 2015-04-29 23:32:00